PRISM Time Series Data,,,
Location:  Lat: 42.6509   Lon: -86.1067   Elev: 705ft,,,
"Climate variables: tmin,tmean,tmax",,,
Spatial resolution: 4km,,,
Period: 2015-01-01 - 2025-12-03,,,
Dataset: AN91d,,,
PRISM day definition: 24 hours ending at 1200 UTC on the day shown,,,
Grid Cell Interpolation: Off,,,
Time series generated: 2025-Dec-13,,,
Details: http://www.prism.oregonstate.edu/documents/PRISM_datasets.pdf,,,
Date,tmin (degrees F),tmean (degrees F),tmax (degrees F)
1/1/2015,15.7,19.8,23.9
1/2/2015,24.5,28.5,32.6
1/3/2015,25.3,29.6,33.9
1/4/2015,28.7,31.3,33.8
1/5/2015,7.6,20.3,32.9
1/6/2015,5.7,8.7,11.6
1/7/2015,8.6,13.5,18.5
1/8/2015,3.9,7.8,11.7
1/9/2015,-0.7,9,18.6
1/10/2015,7.4,11.1,14.8
1/11/2015,9.5,16.7,23.8
1/12/2015,23.2,27.7,32.3
1/13/2015,-1.4,12.5,26.4
1/14/2015,-8.1,4.2,16.5
1/15/2015,2.9,12.5,22.1
1/16/2015,18.4,26.6,34.8
1/17/2015,20.5,25.3,30.1
1/18/2015,29.2,36.3,43.4
1/19/2015,31.5,34.2,36.9
1/20/2015,28.7,32,35.2
1/21/2015,27.5,29.9,32.3
1/22/2015,26.5,28.5,30.6
1/23/2015,26.6,29.5,32.3
1/24/2015,30.1,31.9,33.7
1/25/2015,30.4,34.4,38.4
1/26/2015,9.7,19.7,29.8
1/27/2015,10.1,17.3,24.5
1/28/2015,12.2,20.2,28.2
1/29/2015,13.5,22.9,32.4
1/30/2015,21,27.6,34.1
1/31/2015,17.5,21.3,25.1
2/1/2015,20.9,27.5,34.2
2/2/2015,6.9,14.6,22.2
2/3/2015,4.6,12.4,20.2
2/4/2015,13.9,20.6,27.3
2/5/2015,7.8,16.8,25.7
2/6/2015,8,15.2,22.5
2/7/2015,22.1,25.8,29.4
2/8/2015,27.2,34.3,41.4
2/9/2015,18.7,27.5,36.3
2/10/2015,6.8,17.1,27.3
2/11/2015,8.3,18.4,28.5
2/12/2015,15.1,24.4,33.8
2/13/2015,11.3,14.8,18.3
2/14/2015,12.4,19.5,26.6
2/15/2015,-3.5,8.1,19.7
2/16/2015,-4.5,1.3,7.2
2/17/2015,1.2,7.6,14
2/18/2015,10.8,15.8,20.8
2/19/2015,0.5,7.3,14
2/20/2015,-10.1,-1.5,7.1
2/21/2015,-5.1,6.1,17.3
2/22/2015,17.2,22.3,27.4
2/23/2015,-1.9,9.7,21.3
2/24/2015,-3.7,4.9,13.5
2/25/2015,8.1,18.6,29.2
2/26/2015,6.9,13.7,20.6
2/27/2015,-5.6,4.7,15.1
2/28/2015,-2.7,8.3,19.2
3/1/2015,0.1,10.7,21.2
3/2/2015,12.7,19.8,26.9
3/3/2015,18.8,23.9,29.1
3/4/2015,23.1,28.3,33.6
3/5/2015,5.8,15.9,26.1
3/6/2015,0.9,10,19.1
3/7/2015,6.8,16.3,25.7
3/8/2015,21.1,30.6,40.2
3/9/2015,21.8,30.2,38.7
3/10/2015,23.8,34,44.3
3/11/2015,28.4,35.9,43.5
3/12/2015,26.9,36.9,46.9
3/13/2015,32,40.3,48.6
3/14/2015,34.3,44.3,54.3
3/15/2015,28.2,35.8,43.3
3/16/2015,30.5,41.6,52.7
3/17/2015,34.2,48.7,63.3
3/18/2015,25,31.6,38.3
3/19/2015,29,35.4,41.9
3/20/2015,29.5,36.1,42.7
3/21/2015,32.9,39.6,46.4
3/22/2015,25.1,34.3,43.6
3/23/2015,24.4,29.9,35.4
3/24/2015,19.6,27.7,35.8
3/25/2015,21.2,33.1,45
3/26/2015,34.5,38.1,41.7
3/27/2015,21.2,29.8,38.4
3/28/2015,13.3,20.7,28.1
3/29/2015,16.8,24.5,32.1
3/30/2015,28.5,35.1,41.7
3/31/2015,37.4,44.5,51.5
4/1/2015,29.8,38.9,48
4/2/2015,34.6,51.3,68
4/3/2015,40.4,50.7,60.9
4/4/2015,24,36,48
4/5/2015,29.8,40.6,51.4
4/6/2015,35.6,46.7,57.8
4/7/2015,38.3,48.6,58.9
4/8/2015,39.8,46.5,53.2
4/9/2015,39.7,43.9,48.1
4/10/2015,39.6,52.7,65.9
4/11/2015,33.8,41.2,48.6
4/12/2015,38.2,47,55.9
4/13/2015,46.7,56.7,66.7
4/14/2015,36.9,49.1,61.2
4/15/2015,39.7,51.5,63.3
4/16/2015,44.2,56,67.8
4/17/2015,37.9,48.9,59.9
4/18/2015,42.3,56.6,70.9
4/19/2015,46.7,61,75.3
4/20/2015,45.1,57.6,70.1
4/21/2015,40,45.2,50.3
4/22/2015,35.6,40.5,45.5
4/23/2015,33.1,36.4,39.8
4/24/2015,29.4,37.3,45.2
4/25/2015,35.8,46.1,56.4
4/26/2015,34,44.6,55.3
4/27/2015,38.1,47.6,57.1
4/28/2015,33.3,42.2,51
4/29/2015,36,44.9,53.7
4/30/2015,38.7,49.5,60.2
5/1/2015,38.4,45.6,52.8
5/2/2015,41,51.1,61.2
5/3/2015,49,59.7,70.4
5/4/2015,55.1,65.6,76.1
5/5/2015,48.6,56.6,64.7
5/6/2015,49.1,51.9,54.8
5/7/2015,52.3,64,75.8
5/8/2015,59.7,70.8,81.8
5/9/2015,58.4,67.6,76.8
5/10/2015,50.5,58,65.5
5/11/2015,51.5,57.1,62.7
5/12/2015,46.9,57.2,67.5
5/13/2015,39.7,44.9,50.1
5/14/2015,39.8,47,54.2
5/15/2015,47,55,63
5/16/2015,54.4,61.6,68.8
5/17/2015,60.6,68.2,75.7
5/18/2015,62.9,71.2,79.4
5/19/2015,45.5,60.2,74.8
5/20/2015,36.4,43,49.7
5/21/2015,40.2,47.2,54.2
5/22/2015,44.1,52.2,60.4
5/23/2015,43.6,53.7,63.7
5/24/2015,51.8,63.2,74.5
5/25/2015,61.3,67.3,73.4
5/26/2015,60.4,67.5,74.6
5/27/2015,61.4,70.3,79.2
5/28/2015,52,60.6,69.3
5/29/2015,59.2,68.9,78.7
5/30/2015,60.3,70.4,80.5
5/31/2015,47.6,56.9,66.1
6/1/2015,42.8,52.2,61.5
6/2/2015,42.8,54.4,66
6/3/2015,47.3,57.8,68.3
6/4/2015,54.6,63.6,72.7
6/5/2015,55.9,66.4,76.9
6/6/2015,54.2,62,69.9
6/7/2015,55.3,64.5,73.7
6/8/2015,58.8,66.6,74.5
6/9/2015,51.6,64,76.3
6/10/2015,55.5,66,76.6
6/11/2015,56.9,68.4,79.9
6/12/2015,60.9,67.8,74.7
6/13/2015,56.6,62.4,68.3
6/14/2015,60.3,69.3,78.3
6/15/2015,63.6,70.1,76.6
6/16/2015,61.3,69,76.8
6/17/2015,57.9,65.5,73.1
6/18/2015,59.7,67.5,75.3
6/19/2015,54.5,65.3,76
6/20/2015,55.3,64.2,73.1
6/21/2015,61.5,70,78.5
6/22/2015,61.9,69.5,77.2
6/23/2015,62.3,71.6,81
6/24/2015,54.6,63.2,71.7
6/25/2015,61.6,69.9,78.2
6/26/2015,62.2,68.1,74
6/27/2015,60,68.2,76.4
6/28/2015,53.5,64.3,75.2
6/29/2015,58.2,66.8,75.4
6/30/2015,59.3,66.9,74.4
7/1/2015,54.7,61.6,68.5
7/2/2015,51.9,57.4,62.8
7/3/2015,52.1,62.5,72.9
7/4/2015,52.5,63.1,73.8
7/5/2015,56.4,66,75.6
7/6/2015,61.7,71.5,81.3
7/7/2015,62,73.4,84.7
7/8/2015,52.1,59.8,67.5
7/9/2015,55.2,62.2,69.1
7/10/2015,52.2,61.9,71.7
7/11/2015,52.7,64.6,76.6
7/12/2015,64.9,71.7,78.6
7/13/2015,64.5,73.7,82.8
7/14/2015,64.9,72.8,80.6
7/15/2015,57.7,65.4,73.1
7/16/2015,56.2,66,75.8
7/17/2015,62.3,68.3,74.2
7/18/2015,66.3,74.9,83.4
7/19/2015,67.7,76.8,86
7/20/2015,62.4,70.3,78.2
7/21/2015,62.1,70.4,78.8
7/22/2015,57.4,65.6,73.9
7/23/2015,61.7,70.1,78.4
7/24/2015,60.4,70.2,79.9
7/25/2015,67,75.1,83.2
7/26/2015,60.9,70.9,80.9
7/27/2015,63.5,74.6,85.6
7/28/2015,63.8,75.9,87.9
7/29/2015,71.1,80.2,89.2
7/30/2015,69.3,75.9,82.5
7/31/2015,67,74.6,82.1
8/1/2015,62.4,72.2,82.1
8/2/2015,63.6,71.8,80.1
8/3/2015,59.8,74.4,89
8/4/2015,59.4,67.8,76.2
8/5/2015,57,67.4,77.7
8/6/2015,58.8,69,79.1
8/7/2015,60.4,69.3,78.3
8/8/2015,65.3,71.8,78.2
8/9/2015,63.8,70.5,77.2
8/10/2015,67.5,72.2,76.9
8/11/2015,64.1,72.2,80.4
8/12/2015,58.2,67.5,76.8
8/13/2015,58.9,67,75
8/14/2015,67.7,74.4,81.2
8/15/2015,62.6,72.3,82
8/16/2015,67,75.8,84.6
8/17/2015,68.9,77.7,86.5
8/18/2015,66.2,76.6,87
8/19/2015,68.2,74.1,79.9
8/20/2015,62.2,70.7,79.3
8/21/2015,53.6,61,68.4
8/22/2015,59.3,69.2,79.1
8/23/2015,61.3,70.7,80
8/24/2015,61.5,69.1,76.8
8/25/2015,57.4,63.6,69.8
8/26/2015,56.6,59.3,62
8/27/2015,50.3,58.1,65.9
8/28/2015,52.8,61.7,70.6
8/29/2015,57.9,66.3,74.6
8/30/2015,62.5,65.6,68.7
8/31/2015,59.3,67.5,75.7
9/1/2015,62.8,70.9,79
9/2/2015,68.7,76.7,84.8
9/3/2015,68.7,76.7,84.7
9/4/2015,66.6,74,81.4
9/5/2015,64,70.2,76.4
9/6/2015,65.7,73.1,80.4
9/7/2015,70,78.7,87.4
9/8/2015,70.2,76.7,83.2
9/9/2015,64.7,72.9,81.1
9/10/2015,54.5,64.8,75
9/11/2015,55.1,64.2,73.3
9/12/2015,48.3,57.3,66.3
9/13/2015,42.4,53.4,64.5
9/14/2015,48.5,57.8,67.1
9/15/2015,54.6,65.5,76.4
9/16/2015,56.2,68.1,80
9/17/2015,57.5,68.7,79.9
9/18/2015,62,72.2,82.5
9/19/2015,59.9,68,76.2
9/20/2015,47.7,57.3,66.9
9/21/2015,45.4,57.4,69.5
9/22/2015,49.2,60.5,71.8
9/23/2015,50.8,63.2,75.5
9/24/2015,53.3,65.2,77.1
9/25/2015,56.8,67,77.2
9/26/2015,56.8,67.6,78.3
9/27/2015,60,67.8,75.6
9/28/2015,62.9,67.4,71.9
9/29/2015,62.2,69.1,76
9/30/2015,42.8,54.2,65.7
10/1/2015,42,52.2,62.4
10/2/2015,43.3,52.3,61.2
10/3/2015,46.6,54.5,62.4
10/4/2015,44.8,48.9,52.9
10/5/2015,48.4,53.1,57.8
10/6/2015,55.1,57.9,60.7
10/7/2015,50.3,57.3,64.2
10/8/2015,43.1,55.1,67.1
10/9/2015,50.1,61.7,73.3
10/10/2015,37.8,49.3,60.7
10/11/2015,41.1,50.8,60.6
10/12/2015,55.8,64.2,72.6
10/13/2015,51.7,59.8,67.9
10/14/2015,48.6,52.4,56.2
10/15/2015,43.3,50.4,57.4
10/16/2015,43.1,51.9,60.6
10/17/2015,39.8,45.3,50.8
10/18/2015,28.8,38.3,47.8
10/19/2015,31,42.1,53.3
10/20/2015,46.1,57,67.9
10/21/2015,53.3,60.1,66.9
10/22/2015,52.1,61.6,71.1
10/23/2015,40.4,50.4,60.4
10/24/2015,42.9,51.9,60.9
10/25/2015,39.5,53.1,66.7
10/26/2015,35.8,47.3,58.8
10/27/2015,36.7,48.7,60.8
10/28/2015,44.8,52.9,61
10/29/2015,40.3,49,57.7
10/30/2015,37.2,42.5,47.7
10/31/2015,41.6,47.3,53
11/1/2015,44.1,48.4,52.6
11/2/2015,40.8,48.9,56.9
11/3/2015,46.1,58,69.8
11/4/2015,46.9,60.1,73.4
11/5/2015,49.8,60.7,71.5
11/6/2015,54.2,62.4,70.7
11/7/2015,43.8,49.2,54.7
11/8/2015,30,40.2,50.4
11/9/2015,30.5,41.1,51.7
11/10/2015,31.4,43.7,55.9
11/11/2015,31.4,43.6,55.7
11/12/2015,34.6,48.9,63.3
11/13/2015,41.6,46.1,50.6
11/14/2015,36,39.3,42.6
11/15/2015,34.7,43.6,52.5
11/16/2015,42.8,51.2,59.6
11/17/2015,44,54.3,64.6
11/18/2015,50.8,56.7,62.6
11/19/2015,47,54.8,62.6
11/20/2015,36.6,42.3,48
11/21/2015,32.6,37.3,42.1
11/22/2015,27.1,30.3,33.5
11/23/2015,22.5,27.7,32.8
11/24/2015,27.2,33.1,39
11/25/2015,30.5,37.6,44.8
11/26/2015,35.9,44.9,53.8
11/27/2015,45.9,53,60
11/28/2015,30.7,37.3,43.9
11/29/2015,22.4,29.8,37.2
11/30/2015,22.5,31,39.5
12/1/2015,32.8,37.6,42.4
12/2/2015,33.5,39.6,45.6
12/3/2015,30.5,35,39.6
12/4/2015,37,39.6,42.2
12/5/2015,32.4,39.6,46.7
12/6/2015,29.1,36.8,44.5
12/7/2015,29.4,39.8,50.3
12/8/2015,35,37.2,39.4
12/9/2015,37.8,42.4,47
12/10/2015,36.5,42.4,48.3
12/11/2015,44.5,51.8,59.1
12/12/2015,40.6,44.9,49.1
12/13/2015,47.3,51.3,55.3
12/14/2015,55.7,58.9,62.1
12/15/2015,40.3,49.4,58.4
12/16/2015,38.8,40.7,42.7
12/17/2015,35.5,42.6,49.7
12/18/2015,29.8,32.5,35.1
12/19/2015,25.5,28.3,31.1
12/20/2015,24.5,28.2,32
12/21/2015,29.7,38.5,47.3
12/22/2015,42.5,46.1,49.7
12/23/2015,37.3,42.1,46.9
12/24/2015,38.9,49.9,60.9
12/25/2015,35.7,38.7,41.7
12/26/2015,30.6,37.5,44.3
12/27/2015,34.6,37.2,39.7
12/28/2015,27.9,34.3,40.7
12/29/2015,26.1,32.4,38.8
12/30/2015,32.4,35.6,38.7
12/31/2015,30.2,31.6,33
1/1/2016,26,28.8,31.6
1/2/2016,24.5,28.5,32.5
1/3/2016,30.2,33,35.8
1/4/2016,26,30.3,34.7
1/5/2016,8.1,17.7,27.4
1/6/2016,12.3,21.1,29.9
1/7/2016,21.1,28.8,36.6
1/8/2016,32,36.7,41.5
1/9/2016,35.5,39.1,42.6
1/10/2016,28,33.8,39.6
1/11/2016,12.2,20,27.9
1/12/2016,11.2,17.7,24.2
1/13/2016,14,16.8,19.5
1/14/2016,11.6,20.1,28.6
1/15/2016,24.3,32.7,41
1/16/2016,29.5,35.4,41.4
1/17/2016,11.7,21,30.2
1/18/2016,9.2,11.2,13.1
1/19/2016,10.6,13,15.5
1/20/2016,10.6,15.7,20.7
1/21/2016,13.7,19.2,24.6
1/22/2016,23,25.2,27.4
1/23/2016,11.4,20.9,30.5
1/24/2016,14.5,22.8,31.2
1/25/2016,24,27.6,31.1
1/26/2016,25.3,33.4,41.5
1/27/2016,29,31.5,34
1/28/2016,25.1,29.9,34.8
1/29/2016,24,30.1,36.2
1/30/2016,23.8,30.8,37.7
1/31/2016,35,39.2,43.3
2/1/2016,33.6,40.6,47.6
2/2/2016,26.5,33.7,40.9
2/3/2016,30.8,35,39.2
2/4/2016,29.6,34.5,39.3
2/5/2016,20.5,25.3,30
2/6/2016,19.9,25.8,31.6
2/7/2016,25.9,31,36.1
2/8/2016,29.1,36.5,43.8
2/9/2016,26.4,32.9,39.4
2/10/2016,18.9,23.1,27.2
2/11/2016,13.9,17.7,21.4
2/12/2016,11.3,17.3,23.3
2/13/2016,6.3,14.6,22.9
2/14/2016,7.2,12.2,17.2
2/15/2016,5.1,11.9,18.8
2/16/2016,17.6,22.6,27.7
2/17/2016,26.9,29.5,32.1
2/18/2016,5,18.3,31.7
2/19/2016,5.9,24.2,42.5
2/20/2016,41.7,50.2,58.6
2/21/2016,35.4,43.3,51.1
2/22/2016,26.3,35.4,44.5
2/23/2016,26.2,32.9,39.5
2/24/2016,29.3,37.6,45.9
2/25/2016,30.1,32.5,34.8
2/26/2016,27.4,31,34.7
2/27/2016,27.9,30.7,33.5
2/28/2016,30.7,39.1,47.6
2/29/2016,32.7,44.9,57.2
3/1/2016,21.3,30.7,40.1
3/2/2016,19.2,21.3,23.4
3/3/2016,12.1,19.5,26.8
3/4/2016,6.6,18.4,30.2
3/5/2016,6.4,20.7,35
3/6/2016,21.8,28.7,35.5
3/7/2016,26.3,36.9,47.5
3/8/2016,45.5,53.3,61.1
3/9/2016,55.6,62.6,69.6
3/10/2016,44.5,53,61.5
3/11/2016,30.4,38.5,46.7
3/12/2016,31.1,41.2,51.3
3/13/2016,32.1,44.2,56.3
3/14/2016,43.3,46.3,49.2
3/15/2016,33.8,41,48.2
3/16/2016,35.5,48,60.5
3/17/2016,41.7,45.9,50.1
3/18/2016,30.8,39.7,48.6
3/19/2016,30.1,37.4,44.7
3/20/2016,25.4,34,42.5
3/21/2016,26.7,33.6,40.6
3/22/2016,30.7,36.2,41.8
3/23/2016,39.7,48.4,57.2
3/24/2016,34.3,37.4,40.5
3/25/2016,28.1,34.6,41.2
3/26/2016,28.3,35.5,42.8
3/27/2016,32.1,42.7,53.3
3/28/2016,37,51.5,65.9
3/29/2016,29.5,36.6,43.8
3/30/2016,31.7,41.8,52
3/31/2016,41.2,50.5,59.9
4/1/2016,37.6,50.9,64.2
4/2/2016,33.5,39.7,45.9
4/3/2016,23.3,29.8,36.3
4/4/2016,28.4,43.9,59.5
4/5/2016,20.5,27.8,35.1
4/6/2016,24.8,33.7,42.6
4/7/2016,34.9,40.2,45.6
4/8/2016,28.6,33.2,37.9
4/9/2016,23.5,30.4,37.3
4/10/2016,25.8,29.6,33.4
4/11/2016,30.7,39.2,47.6
4/12/2016,32.6,38.8,45.1
4/13/2016,30.3,35.8,41.4
4/14/2016,34.7,43.2,51.7
4/15/2016,37.8,50.6,63.4
4/16/2016,43.5,56.6,69.7
4/17/2016,47.6,62.4,77.2
4/18/2016,49.3,63.6,77.8
4/19/2016,49.3,63.6,77.8
4/20/2016,49.8,53.9,58
4/21/2016,49.8,59.9,69.9
4/22/2016,46.9,54.3,61.7
4/23/2016,39.9,48.1,56.3
4/24/2016,41.8,50.1,58.5
4/25/2016,48.3,58.9,69.5
4/26/2016,47.4,62.8,78.1
4/27/2016,37.5,43.5,49.6
4/28/2016,39.7,49.6,59.5
4/29/2016,37.4,41.1,44.7
4/30/2016,40.2,46.6,53.1
5/1/2016,44.4,48.8,53.2
5/2/2016,41.6,47.2,52.9
5/3/2016,37.2,46.7,56.1
5/4/2016,42.5,52.7,62.8
5/5/2016,39,43.2,47.5
5/6/2016,38.1,48.9,59.7
5/7/2016,44.7,58,71.2
5/8/2016,40.3,54,67.7
5/9/2016,41,52.4,63.9
5/10/2016,46.3,55.2,64.1
5/11/2016,50.3,52.5,54.7
5/12/2016,51.6,60.9,70.2
5/13/2016,48.9,56.8,64.7
5/14/2016,42,51.8,61.7
5/15/2016,35.9,41.2,46.5
5/16/2016,37.8,43.5,49.2
5/17/2016,45.6,55.3,65.1
5/18/2016,43.3,52.7,62
5/19/2016,39.7,52.1,64.5
5/20/2016,44.4,55.7,67
5/21/2016,47.9,59.2,70.5
5/22/2016,46.6,59.2,71.7
5/23/2016,45.8,58.9,71.9
5/24/2016,51.6,64.7,77.8
5/25/2016,61.4,71.9,82.4
5/26/2016,61.9,73,84.2
5/27/2016,63,71.7,80.5
5/28/2016,66,73.5,80.9
5/29/2016,64.2,72.5,80.8
5/30/2016,58.1,68,77.8
5/31/2016,56.1,67.5,78.9
6/1/2016,62.8,73.9,85
6/2/2016,57,65.8,74.6
6/3/2016,52.8,63.4,74
6/4/2016,59.1,68,76.9
6/5/2016,61.5,70,78.4
6/6/2016,54.1,61.9,69.7
6/7/2016,54.4,64.2,74.1
6/8/2016,46.3,53.3,60.4
6/9/2016,44.9,53.5,62.2
6/10/2016,56.6,64.1,71.5
6/11/2016,65,75.3,85.7
6/12/2016,59,71,82.9
6/13/2016,52.4,62.6,72.9
6/14/2016,58.9,67.8,76.6
6/15/2016,60.6,69.9,79.2
6/16/2016,61.4,71.5,81.6
6/17/2016,56.5,61.7,67
6/18/2016,57.7,71.2,84.8
6/19/2016,62.1,73.3,84.6
6/20/2016,67.7,77,86.4
6/21/2016,58.9,70.7,82.6
6/22/2016,59.4,67.5,75.5
6/23/2016,64.5,71.6,78.8
6/24/2016,60.8,70.1,79.3
6/25/2016,59,71,83
6/26/2016,69.7,78.2,86.8
6/27/2016,68.2,74.7,81.1
6/28/2016,59.1,69.6,80.1
6/29/2016,50.2,59.6,69
6/30/2016,51.3,62.2,73
7/1/2016,59.3,67.9,76.6
7/2/2016,51,58.4,65.8
7/3/2016,50.6,61.1,71.6
7/4/2016,55.1,66,77
7/5/2016,62,69,76
7/6/2016,66.1,72.6,79.2
7/7/2016,64.3,72.5,80.8
7/8/2016,65.7,73.9,82
7/9/2016,64.6,73.3,82
7/10/2016,55.9,64.3,72.6
7/11/2016,61.8,70,78.3
7/12/2016,67,76.3,85.7
7/13/2016,69.1,77.8,86.6
7/14/2016,68.8,76.3,83.7
7/15/2016,65.8,73.4,81
7/16/2016,55.8,63.3,70.7
7/17/2016,55.3,64.4,73.6
7/18/2016,64.9,73.2,81.5
7/19/2016,63.1,71.5,80
7/20/2016,61.9,73.1,84.2
7/21/2016,68.3,77.8,87.3
7/22/2016,70.4,76.5,82.7
7/23/2016,65,73,81
7/24/2016,69.5,78.7,88
7/25/2016,69.3,77.8,86.2
7/26/2016,64.4,72.3,80.3
7/27/2016,63.9,73.1,82.2
7/28/2016,65.1,74.1,83.1
7/29/2016,66.3,75.3,84.3
7/30/2016,62.3,70,77.7
7/31/2016,63.8,68.8,73.9
8/1/2016,61.9,70,78
8/2/2016,61.3,71.7,82.2
8/3/2016,62.5,73.3,84.2
8/4/2016,66.3,76.4,86.5
8/5/2016,70.7,79.6,88.4
8/6/2016,62.9,72,81.1
8/7/2016,59.4,69.3,79.3
8/8/2016,58.4,69.2,80
8/9/2016,58.3,70.6,82.9
8/10/2016,63.5,74.3,85.2
8/11/2016,69.4,78.5,87.5
8/12/2016,73.6,80.8,88
8/13/2016,72.1,77.6,83.1
8/14/2016,66.9,73.5,80.1
8/15/2016,64,72.5,81
8/16/2016,67.6,73.9,80.2
8/17/2016,66.6,73.8,80.9
8/18/2016,63.2,71.8,80.4
8/19/2016,66.7,74.7,82.6
8/20/2016,68.2,74.6,80.9
8/21/2016,65.2,71.1,77.1
8/22/2016,55.9,63.8,71.7
8/23/2016,58.6,67.1,75.5
8/24/2016,62.9,70.9,78.9
8/25/2016,69.8,74.5,79.2
8/26/2016,63.2,70.7,78.2
8/27/2016,63.4,70.5,77.7
8/28/2016,64.4,72.7,80.9
8/29/2016,64.8,73,81.2
8/30/2016,68.1,76.1,84
8/31/2016,68.7,75,81.3
9/1/2016,60.3,69.1,77.9
9/2/2016,52.3,63.2,74.1
9/3/2016,51.8,63,74.3
9/4/2016,53.5,63.9,74.3
9/5/2016,57.7,68.1,78.5
9/6/2016,63.5,73.9,84.2
9/7/2016,70.1,77.6,85.1
9/8/2016,70.9,77,83.1
9/9/2016,62.4,69.6,76.7
9/10/2016,64.9,72.3,79.7
9/11/2016,53.5,63.4,73.2
9/12/2016,54.7,63.2,71.7
9/13/2016,57.8,66.7,75.7
9/14/2016,60.6,68.9,77.2
9/15/2016,54,64.1,74.2
9/16/2016,54.7,64.6,74.5
9/17/2016,59.7,70.4,81.1
9/18/2016,58,66.8,75.6
9/19/2016,57,65.2,73.4
9/20/2016,60.7,70.9,81
9/21/2016,58.5,69.5,80.5
9/22/2016,60.6,68.7,76.9
9/23/2016,62.8,71.1,79.4
9/24/2016,54.3,62.8,71.2
9/25/2016,54.3,62.7,71.2
9/26/2016,57.3,67.2,77.2
9/27/2016,57.3,62.2,67.2
9/28/2016,51.7,57.5,63.4
9/29/2016,52.3,58.7,65.1
9/30/2016,58.2,60.8,63.4
10/1/2016,57.6,60.5,63.3
10/2/2016,50.5,59.3,68.1
10/3/2016,51.6,59.1,66.7
10/4/2016,54.1,60,65.8
10/5/2016,57.7,66,74.2
10/6/2016,55.6,67,78.4
10/7/2016,59.7,65.5,71.4
10/8/2016,48.8,61.7,74.6
10/9/2016,41.8,49.1,56.4
10/10/2016,41.9,52,62.1
10/11/2016,45,55.6,66.3
10/12/2016,54.2,62.2,70.2
10/13/2016,45.2,58.2,71.3
10/14/2016,36.7,46,55.2
10/15/2016,39.1,51,63
10/16/2016,50.5,60.2,70
10/17/2016,63.2,65.4,67.6
10/18/2016,66.6,72.2,77.8
10/19/2016,48.9,60.4,72
10/20/2016,50.2,58.7,67.3
10/21/2016,40.7,48.7,56.8
10/22/2016,39.4,46.4,53.4
10/23/2016,39.1,47.5,55.9
10/24/2016,42,54.4,66.8
10/25/2016,33.3,43.8,54.2
10/26/2016,34.5,44.4,54.3
10/27/2016,39.2,40.8,42.4
10/28/2016,39.3,44,48.6
10/29/2016,45.7,55.2,64.7
10/30/2016,49.4,57.7,66
10/31/2016,39.4,47.4,55.5
11/1/2016,37.4,49.1,60.8
11/2/2016,57.4,65,72.6
11/3/2016,52.1,57.8,63.5
11/4/2016,36.8,47.9,59
11/5/2016,38.6,47.4,56.2
11/6/2016,40.2,51.4,62.7
11/7/2016,41.7,54.9,68
11/8/2016,43.6,55.3,67
11/9/2016,40.7,49.7,58.6
11/10/2016,38.9,47.5,56
11/11/2016,46.8,52.9,58.9
11/12/2016,26.6,38.9,51.3
11/13/2016,28.5,39.2,49.8
11/14/2016,39.8,47.3,54.7
11/15/2016,36.8,47.5,58.3
11/16/2016,37.1,45.1,53.2
11/17/2016,36.5,44.6,52.8
11/18/2016,46,57.8,69.7
11/19/2016,35.8,52.5,69.3
11/20/2016,31,33.9,36.8
11/21/2016,30.6,32.1,33.5
11/22/2016,22.7,31,39.3
11/23/2016,24.2,31.4,38.7
11/24/2016,34.1,38.9,43.7
11/25/2016,38.6,41.2,43.8
11/26/2016,38.4,39.6,40.9
11/27/2016,35.8,39.7,43.7
11/28/2016,36.4,39.4,42.5
11/29/2016,41,46.8,52.6
11/30/2016,44.6,50.8,57
12/1/2016,36.7,42.4,48.1
12/2/2016,36.4,39.5,42.6
12/3/2016,36.5,37.8,39.1
12/4/2016,33.7,35.3,36.9
12/5/2016,32,34.6,37.2
12/6/2016,28.9,34.3,39.7
12/7/2016,29.4,35.4,41.4
12/8/2016,26.7,30.8,35
12/9/2016,25.5,27.9,30.4
12/10/2016,23.9,26.9,29.8
12/11/2016,21.9,24.2,26.4
12/12/2016,24,29.7,35.4
12/13/2016,20.3,25.5,30.8
12/14/2016,17.1,22.1,27.2
12/15/2016,10.6,16.7,22.8
12/16/2016,11.5,15.1,18.7
12/17/2016,13.8,16.8,19.7
12/18/2016,16.9,21.5,26.1
12/19/2016,11.8,16.1,20.4
12/20/2016,7.6,13.5,19.3
12/21/2016,19.9,26.6,33.3
12/22/2016,26.8,32.2,37.6
12/23/2016,29.3,33.7,38.1
12/24/2016,29.1,33,37
12/25/2016,34.3,35.9,37.6
12/26/2016,33.5,41.2,49
12/27/2016,28.7,40.6,52.4
12/28/2016,25.6,27.7,29.7
12/29/2016,25.8,33.4,41.1
12/30/2016,28.3,32.5,36.7
12/31/2016,27.8,33.6,39.5
1/1/2017,26.3,33.2,40
1/2/2017,26.1,32.7,39.4
1/3/2017,28.2,35.3,42.3
1/4/2017,18.8,28.6,38.5
1/5/2017,12.9,16.3,19.7
1/6/2017,8.7,11.3,13.9
1/7/2017,8,10.9,13.9
1/8/2017,11.5,13.7,16
1/9/2017,12.6,16.8,21
1/10/2017,21.2,28,34.8
1/11/2017,28.5,37.7,46.8
1/12/2017,27.6,36.1,44.6
1/13/2017,20.7,25.9,31.1
1/14/2017,19.6,21.6,23.6
1/15/2017,16.9,24,31.1
1/16/2017,17.2,26.5,35.8
1/17/2017,28,33.3,38.7
1/18/2017,35,37.6,40.2
1/19/2017,34.2,35.9,37.6
1/20/2017,35,37.4,39.8
1/21/2017,35.6,40.3,45
1/22/2017,34.9,48.1,61.3
1/23/2017,36.7,40.1,43.6
1/24/2017,35.7,38.4,41.1
1/25/2017,34.4,37.1,39.8
1/26/2017,33.4,37.1,40.8
1/27/2017,31.3,33.4,35.6
1/28/2017,27.3,29.5,31.8
1/29/2017,28,29.4,30.7
1/30/2017,19.1,24,28.9
1/31/2017,20.1,24.5,28.9
2/1/2017,27.8,31.9,36
2/2/2017,19,27.3,35.7
2/3/2017,17.5,19.5,21.5
2/4/2017,16.5,20.5,24.6
2/5/2017,20.9,27.4,33.9
2/6/2017,20.7,28,35.2
2/7/2017,21.4,33.5,45.6
2/8/2017,29.9,36.9,43.9
2/9/2017,16.9,23.4,29.9
2/10/2017,15.6,20,24.5
2/11/2017,20.1,30.1,40.2
2/12/2017,34.4,39.6,44.9
2/13/2017,31.5,36.8,42.2
2/14/2017,31.3,36.3,41.3
2/15/2017,30.2,37.1,43.9
2/16/2017,21.2,25.7,30.3
2/17/2017,19.6,26.8,33.9
2/18/2017,30.1,44.4,58.7
2/19/2017,33.7,44.8,55.9
2/20/2017,31.7,45.4,59.1
2/21/2017,37.8,50.3,62.9
2/22/2017,44.3,50.9,57.5
2/23/2017,46,55.2,64.4
2/24/2017,38.1,43.3,48.5
2/25/2017,28.9,38.9,48.8
2/26/2017,22.8,25.9,28.9
2/27/2017,24.2,33.6,43.1
2/28/2017,29,39.8,50.7
3/1/2017,43.4,49.8,56.2
3/2/2017,26.6,36,45.5
3/3/2017,21.2,26.3,31.4
3/4/2017,18.5,21.9,25.3
3/5/2017,20.8,27.6,34.4
3/6/2017,29.4,41,52.7
3/7/2017,50.5,55.1,59.7
3/8/2017,40.5,46.3,52.1
3/9/2017,31.8,39,46.1
3/10/2017,25.5,31.8,38.1
3/11/2017,17.8,21.9,25.9
3/12/2017,16.1,20.3,24.5
3/13/2017,18.7,24.7,30.7
3/14/2017,15.6,22,28.4
3/15/2017,16,21.5,26.9
3/16/2017,19.8,25.6,31.5
3/17/2017,22.8,30.8,38.8
3/18/2017,29.9,33.8,37.7
3/19/2017,33.8,36.5,39.2
3/20/2017,34.6,40.4,46.3
3/21/2017,30.4,42,53.5
3/22/2017,20,33.4,46.8
3/23/2017,21.8,29,36.1
3/24/2017,26.6,39.2,51.8
3/25/2017,40.1,54.5,69
3/26/2017,39.7,42.1,44.5
3/27/2017,40.2,47.9,55.5
3/28/2017,39,43.4,47.7
3/29/2017,29.5,39.2,48.9
3/30/2017,35.2,44.8,54.3
3/31/2017,36.8,39.2,41.7
4/1/2017,30.9,35.5,40.1
4/2/2017,29.6,39.6,49.7
4/3/2017,35.2,45.4,55.5
4/4/2017,40,46.7,53.3
4/5/2017,32.9,40.9,48.9
4/6/2017,36,39.4,42.8
4/7/2017,35.2,39.8,44.5
4/8/2017,29.3,38.2,47.2
4/9/2017,39.3,50.5,61.7
4/10/2017,54.5,64.9,75.4
4/11/2017,39.6,55.4,71.2
4/12/2017,38.3,41.6,45
4/13/2017,40.4,45.2,50.1
4/14/2017,41.8,46.9,52
4/15/2017,45.4,55.6,65.8
4/16/2017,54.7,66.4,78.1
4/17/2017,41.3,53.1,64.9
4/18/2017,43,52.9,62.8
4/19/2017,47.8,60.2,72.5
4/20/2017,47,53.9,60.7
4/21/2017,41.6,55.2,68.9
4/22/2017,36.4,42.7,49
4/23/2017,34.6,47,59.4
4/24/2017,40.2,51.9,63.5
4/25/2017,46.8,59.4,72
4/26/2017,56.1,65.3,74.5
4/27/2017,58.5,68.6,78.7
4/28/2017,43,53.3,63.7
4/29/2017,44.4,50.7,57
4/30/2017,41.7,48.3,54.9
5/1/2017,42.4,47.8,53.3
5/2/2017,39.9,49.5,59.2
5/3/2017,35,40.1,45.1
5/4/2017,42.3,48.7,55.1
5/5/2017,40.3,45.5,50.8
5/6/2017,39.6,48.4,57.1
5/7/2017,37.1,46.1,55.1
5/8/2017,31.7,40.2,48.7
5/9/2017,34.1,42.2,50.4
5/10/2017,43.8,52.3,60.9
5/11/2017,46.5,57.1,67.7
5/12/2017,44.9,55,65.1
5/13/2017,43.4,54.8,66.2
5/14/2017,47.1,57.9,68.8
5/15/2017,47.2,57.5,67.8
5/16/2017,55.3,65.9,76.5
5/17/2017,62.2,71.9,81.6
5/18/2017,61,70.9,80.9
5/19/2017,41.4,56.8,72.3
5/20/2017,43.2,48.4,53.6
5/21/2017,50,56,62
5/22/2017,49.4,57.2,65.1
5/23/2017,50.5,58.4,66.3
5/24/2017,55.3,59.7,64.1
5/25/2017,55.9,62.8,69.8
5/26/2017,48,56,64
5/27/2017,50.2,58.8,67.5
5/28/2017,56,64.2,72.4
5/29/2017,52.9,63.1,73.3
5/30/2017,50.5,61.2,71.9
5/31/2017,48.7,57.9,67.2
6/1/2017,49.1,57.5,66
6/2/2017,50.5,61.2,72
6/3/2017,54.9,66.4,77.9
6/4/2017,61.9,70,78.1
6/5/2017,57.7,69.6,81.6
6/6/2017,50.2,62.1,73.9
6/7/2017,51.7,63.1,74.4
6/8/2017,51.5,63.1,74.8
6/9/2017,58.4,67.4,76.3
6/10/2017,57.9,67.1,76.3
6/11/2017,69,77,85
6/12/2017,70.9,78.9,87
6/13/2017,65,76.7,88.3
6/14/2017,65.8,77.1,88.3
6/15/2017,66.4,78.5,90.6
6/16/2017,67.3,73.8,80.3
6/17/2017,66.5,73.6,80.7
6/18/2017,67.9,74.6,81.3
6/19/2017,60.8,67.7,74.6
6/20/2017,59.3,65.9,72.5
6/21/2017,52.4,62,71.6
6/22/2017,61,68.5,76.1
6/23/2017,66.4,75.2,83.9
6/24/2017,61.6,68.4,75.2
6/25/2017,55.9,63.3,70.7
6/26/2017,56.9,63.1,69.4
6/27/2017,49.9,58.4,67
6/28/2017,54.2,62.4,70.6
6/29/2017,62.6,68.8,75
6/30/2017,64.8,71.4,78
7/1/2017,65.2,71.4,77.5
7/2/2017,60.7,68.4,76.2
7/3/2017,62.2,69.2,76.1
7/4/2017,61.1,70.2,79.3
7/5/2017,61.5,71.5,81.5
7/6/2017,62.9,72.4,82
7/7/2017,64.2,73.3,82.4
7/8/2017,59.7,68.9,78.2
7/9/2017,56,63.8,71.6
7/10/2017,66.5,72.9,79.4
7/11/2017,64.2,71.5,78.7
7/12/2017,68.8,75.4,82
7/13/2017,68.6,74.1,79.6
7/14/2017,64.1,69.9,75.8
7/15/2017,57.4,64.6,71.7
7/16/2017,63.9,69.6,75.3
7/17/2017,58.9,67.6,76.3
7/18/2017,58.2,67.2,76.2
7/19/2017,63.9,71.8,79.8
7/20/2017,68.4,75.4,82.4
7/21/2017,63,71.3,79.7
7/22/2017,66.5,74.8,83.1
7/23/2017,66.6,71.6,76.6
7/24/2017,62.5,71.3,80.1
7/25/2017,56.9,66.5,76.1
7/26/2017,61.6,69.7,77.8
7/27/2017,65.8,72.8,79.7
7/28/2017,63.8,73.6,83.5
7/29/2017,54.3,67.7,81
7/30/2017,56.4,67.8,79.3
7/31/2017,55.8,67.6,79.4
8/1/2017,58.6,69.8,80.9
8/2/2017,63.1,72.7,82.3
8/3/2017,63.3,73,82.6
8/4/2017,61.8,71.8,81.8
8/5/2017,55.6,60.2,64.7
8/6/2017,57.3,65.3,73.3
8/7/2017,60.4,68,75.5
8/8/2017,54.6,64.4,74.3
8/9/2017,59.6,68.6,77.5
8/10/2017,59.1,69.7,80.3
8/11/2017,62.1,71.7,81.3
8/12/2017,61.3,68.5,75.6
8/13/2017,53.1,63.2,73.3
8/14/2017,60.6,68.5,76.4
8/15/2017,63.1,71,78.9
8/16/2017,60.7,70.1,79.6
8/17/2017,66.1,76.2,86.3
8/18/2017,66.5,73.1,79.7
8/19/2017,60.6,66.3,72.1
8/20/2017,58.7,67.6,76.5
8/21/2017,63.7,73.4,83.1
8/22/2017,69.2,75.1,81.1
8/23/2017,62.9,69.2,75.5
8/24/2017,52.6,61.9,71.1
8/25/2017,47.7,57.7,67.7
8/26/2017,48.1,59.5,70.8
8/27/2017,54.8,64.2,73.6
8/28/2017,59.5,66.3,73.1
8/29/2017,55.8,64.3,72.8
8/30/2017,54.8,65.1,75.3
8/31/2017,59.2,67.7,76.1
9/1/2017,47.3,59.8,72.4
9/2/2017,44,57.1,70.3
9/3/2017,49.8,60.2,70.5
9/4/2017,60.2,67.5,74.8
9/5/2017,54.2,65.4,76.5
9/6/2017,45.6,55.7,65.8
9/7/2017,48,56.1,64.2
9/8/2017,51.5,57.3,63.1
9/9/2017,45.4,56.7,67.9
9/10/2017,43.4,55.8,68.2
9/11/2017,45.2,56.9,68.7
9/12/2017,46.3,58.4,70.5
9/13/2017,50,64.1,78.1
9/14/2017,53.7,63.9,74.1
9/15/2017,55.5,65,74.4
9/16/2017,58.1,69.4,80.7
9/17/2017,62.5,72.7,83
9/18/2017,54.9,67.8,80.7
9/19/2017,57.5,65.9,74.4
9/20/2017,62.5,69.1,75.7
9/21/2017,65.9,76.1,86.2
9/22/2017,66.8,76.8,86.9
9/23/2017,67.1,78,88.9
9/24/2017,63.1,76.4,89.8
9/25/2017,63.7,76.4,89.1
9/26/2017,62.2,74.6,87
9/27/2017,63,75,86.9
9/28/2017,49.6,59,68.4
9/29/2017,53.2,60.8,68.4
9/30/2017,40.8,53.4,66
10/1/2017,41.2,52.8,64.4
10/2/2017,47,58.3,69.6
10/3/2017,56.9,68.1,79.2
10/4/2017,62.8,70.5,78.2
10/5/2017,46.7,58.8,70.9
10/6/2017,46.2,58.5,70.9
10/7/2017,55.3,61.7,68.1
10/8/2017,58.3,68.6,78.9
10/9/2017,50.9,63.6,76.4
10/10/2017,51.7,63.5,75.4
10/11/2017,50.9,58.7,66.5
10/12/2017,51,54.2,57.5
10/13/2017,51.5,55.5,59.4
10/14/2017,57.6,62,66.5
10/15/2017,58.6,62.5,66.5
10/16/2017,45.3,55.1,65
10/17/2017,44.2,51.1,58
10/18/2017,48.6,57.3,66
10/19/2017,49.4,58.9,68.4
10/20/2017,44.3,54.5,64.6
10/21/2017,50.8,63.3,75.8
10/22/2017,56.1,64.9,73.8
10/23/2017,53.6,63.3,73.1
10/24/2017,48.4,51.2,54.1
10/25/2017,43.9,47.1,50.3
10/26/2017,32.5,41.2,49.9
10/27/2017,34.1,44.9,55.7
10/28/2017,36.4,42.6,48.7
10/29/2017,35.5,39.7,43.9
10/30/2017,35.2,40.4,45.6
10/31/2017,37,42.5,47.9
11/1/2017,34.7,37.1,39.6
11/2/2017,35.5,40.8,46.1
11/3/2017,42.3,47.5,52.7
11/4/2017,37.5,43.8,50.1
11/5/2017,38.4,44.5,50.6
11/6/2017,40.1,46.4,52.8
11/7/2017,34.9,40,45.1
11/8/2017,26.7,36.8,46.9
11/9/2017,31.5,38.7,45.9
11/10/2017,20.3,32.5,44.7
11/11/2017,20.4,24.5,28.7
11/12/2017,22.5,29.6,36.7
11/13/2017,34,36.7,39.4
11/14/2017,32.2,38.4,44.7
11/15/2017,32.8,40.6,48.4
11/16/2017,37.2,42.8,48.5
11/17/2017,30.9,36,41.1
11/18/2017,33.8,39.9,46
11/19/2017,35.4,39.4,43.4
11/20/2017,30,34.3,38.5
11/21/2017,32.4,41,49.5
11/22/2017,29.6,38.3,47
11/23/2017,29.6,32.8,36.1
11/24/2017,32.3,38,43.7
11/25/2017,35.5,47.2,59
11/26/2017,24,35.1,46.1
11/27/2017,25.4,35.6,45.9
11/28/2017,31.2,42.5,53.8
11/29/2017,37.8,48.1,58.3
11/30/2017,32.3,39.9,47.4
12/1/2017,28.9,38.8,48.6
12/2/2017,28.9,39.1,49.4
12/3/2017,28.3,40,51.8
12/4/2017,27.3,40.9,54.4
12/5/2017,39.4,50.3,61.2
12/6/2017,29.9,34.6,39.3
12/7/2017,24.2,29.2,34.2
12/8/2017,24.1,26.2,28.3
12/9/2017,24.5,29.4,34.4
12/10/2017,24.1,27.2,30.4
12/11/2017,25.1,27.9,30.6
12/12/2017,20.3,27,33.6
12/13/2017,16.7,19.1,21.5
12/14/2017,5.1,15.6,26
12/15/2017,4.3,15.7,27
12/16/2017,25.2,30.4,35.6
12/17/2017,22.3,28.8,35.2
12/18/2017,23.6,31.2,38.9
12/19/2017,38.4,40.3,42.2
12/20/2017,29.7,37,44.3
12/21/2017,28.3,30.4,32.4
12/22/2017,29.8,32.1,34.5
12/23/2017,31.1,33.7,36.4
12/24/2017,21.1,27.5,33.9
12/25/2017,15.3,19.8,24.4
12/26/2017,8.9,15.3,21.7
12/27/2017,4.3,8.4,12.4
12/28/2017,4.1,8,12
12/29/2017,5.6,11.5,17.4
12/30/2017,14.6,17.2,19.8
12/31/2017,-6.6,4.2,15
1/1/2018,5,10,15
1/2/2018,9.1,13.4,17.6
1/3/2018,2.3,10.6,18.9
1/4/2018,9.8,15.2,20.6
1/5/2018,-1.6,7.5,16.5
1/6/2018,0.6,6.3,11.9
1/7/2018,7.8,11.3,14.9
1/8/2018,14,24.3,34.7
1/9/2018,25.1,31.1,37
1/10/2018,24.2,29.7,35.1
1/11/2018,33.7,43.2,52.7
1/12/2018,25.4,41.2,56.9
1/13/2018,15.4,20.3,25.2
1/14/2018,14,16.2,18.3
1/15/2018,14,16.8,19.6
1/16/2018,9.5,15.5,21.4
1/17/2018,4.8,12.1,19.3
1/18/2018,13.6,20.2,26.8
1/19/2018,23.9,28.2,32.6
1/20/2018,29.9,34.1,38.2
1/21/2018,32.5,37.3,42.1
1/22/2018,36,38.7,41.5
1/23/2018,33.9,42.1,50.2
1/24/2018,26.5,30.2,33.8
1/25/2018,25.3,27.6,29.9
1/26/2018,28.5,32.9,37.2
1/27/2018,36.1,44.7,53.3
1/28/2018,28.1,37.2,46.3
1/29/2018,25.1,33.1,41.1
1/30/2018,21.6,24.1,26.6
1/31/2018,21.1,26.9,32.7
2/1/2018,32.4,35.7,39
2/2/2018,11.7,22.6,33.4
2/3/2018,11.4,17.1,22.8
2/4/2018,20,27.1,34.2
2/5/2018,14.3,20.4,26.5
2/6/2018,10.4,14.8,19.2
2/7/2018,13.7,17.6,21.4
2/8/2018,16.3,19.4,22.4
2/9/2018,16.4,18.9,21.3
2/10/2018,18.4,21.1,23.7
2/11/2018,15.5,19.5,23.4
2/12/2018,15.9,20.9,25.9
2/13/2018,6.5,16.4,26.3
2/14/2018,9.4,20.3,31.1
2/15/2018,29.2,37.4,45.6
2/16/2018,28.5,35.9,43.3
2/17/2018,18.2,25.4,32.5
2/18/2018,20.3,27.2,34
2/19/2018,28.7,34.5,40.4
2/20/2018,38.7,49.2,59.8
2/21/2018,31.2,47.3,63.5
2/22/2018,28.3,31,33.7
2/23/2018,30.7,35.7,40.7
2/24/2018,32.1,38.1,44.1
2/25/2018,32.8,39.5,46.2
2/26/2018,29.2,35.2,41.3
2/27/2018,30.5,39.8,49.1
2/28/2018,37.5,47.9,58.4
3/1/2018,35.9,45.8,55.7
3/2/2018,28.8,34.9,41
3/3/2018,24.6,33,41.4
3/4/2018,25,35,45
3/5/2018,27.7,36.9,46.1
3/6/2018,28.7,33.8,39
3/7/2018,28.8,33.7,38.7
3/8/2018,23.6,27.8,32
3/9/2018,26,28.5,31
3/10/2018,18.5,26.2,33.9
3/11/2018,21,29.6,38.1
3/12/2018,23.5,31.7,39.9
3/13/2018,27.9,34.3,40.7
3/14/2018,25.6,29.6,33.6
3/15/2018,26.9,33.2,39.4
3/16/2018,20.2,28.9,37.6
3/17/2018,22.7,30.1,37.5
3/18/2018,24.1,37.3,50.5
3/19/2018,28.5,39.3,50.1
3/20/2018,22.5,35,47.4
3/21/2018,24,32.6,41.2
3/22/2018,23.4,31.7,39.9
3/23/2018,23.9,32.4,40.9
3/24/2018,23.7,32.9,42.1
3/25/2018,22.4,32.4,42.4
3/26/2018,24.3,34.1,43.8
3/27/2018,29.2,42.1,55
3/28/2018,35.6,43.3,51.1
3/29/2018,37.5,44,50.5
3/30/2018,30.7,40.3,49.8
3/31/2018,31,36.5,42
4/1/2018,27.6,37.3,47.1
4/2/2018,19.2,25.6,32.1
4/3/2018,25.4,33.2,40.9
4/4/2018,29.4,33.5,37.5
4/5/2018,26.5,29,31.4
4/6/2018,28.4,33,37.6
4/7/2018,24.1,30.5,36.9
4/8/2018,18.5,24.2,29.8
4/9/2018,25.6,31.8,37.9
4/10/2018,24.9,32.4,39.9
4/11/2018,33.8,38.5,43.1
4/12/2018,39.1,45.3,51.6
4/13/2018,41.2,51.9,62.5
4/14/2018,37.5,43.3,49
4/15/2018,30.1,34,38
4/16/2018,30.2,33,35.7
4/17/2018,28.6,31.4,34.1
4/18/2018,29.1,31.7,34.3
4/19/2018,31.4,37.1,42.7
4/20/2018,27.4,36.4,45.3
4/21/2018,30,41.5,53
4/22/2018,32.7,43.8,55
4/23/2018,39.6,52.3,65.1
4/24/2018,45.5,59.7,74
4/25/2018,44,53.4,62.8
4/26/2018,32.1,42.3,52.5
4/27/2018,40.7,48.7,56.7
4/28/2018,35.5,42.9,50.3
4/29/2018,28.8,38,47.3
4/30/2018,32.3,40.6,48.9
5/1/2018,46.9,59.6,72.3
5/2/2018,64,72.6,81.3
5/3/2018,59.2,69.9,80.6
5/4/2018,57.9,63.2,68.6
5/5/2018,49.6,57.8,66.1
5/6/2018,49.3,63.3,77.3
5/7/2018,44,56.4,68.7
5/8/2018,50.3,58.8,67.3
5/9/2018,54.4,65.2,75.9
5/10/2018,54.1,66.3,78.6
5/11/2018,44.3,54.2,64
5/12/2018,41.5,43.4,45.2
5/13/2018,44.5,49.8,55.1
5/14/2018,49.1,54.7,60.4
5/15/2018,55.5,63.1,70.7
5/16/2018,51.4,60.8,70.2
5/17/2018,49.4,62.2,75
5/18/2018,50.8,65.2,79.7
5/19/2018,54.5,65.5,76.6
5/20/2018,50.7,57.6,64.5
5/21/2018,51,56.3,61.6
5/22/2018,52.9,56.2,59.4
5/23/2018,45.7,53.7,61.6
5/24/2018,49.9,60.7,71.5
5/25/2018,60,70.3,80.6
5/26/2018,65.3,74.5,83.8
5/27/2018,61,70.7,80.5
5/28/2018,62.6,76,89.5
5/29/2018,66.7,80.4,94.1
5/30/2018,70.9,81.8,92.7
5/31/2018,67.7,77.9,88.1
6/1/2018,64.7,74.1,83.5
6/2/2018,57.4,68.3,79.1
6/3/2018,59.6,66.2,72.9
6/4/2018,56.1,62.5,69
6/5/2018,56.9,63.7,70.6
6/6/2018,47.8,56.7,65.6
6/7/2018,55.6,64.1,72.5
6/8/2018,59,69.1,79.2
6/9/2018,63.8,72.5,81.3
6/10/2018,60.1,65.6,71.2
6/11/2018,59.3,64,68.8
6/12/2018,62.2,70.4,78.6
6/13/2018,63.4,69.9,76.5
6/14/2018,55.3,65.7,76.1
6/15/2018,56.5,68.4,80.3
6/16/2018,66,74.9,83.7
6/17/2018,68.9,76.3,83.6
6/18/2018,75.5,83.2,91
6/19/2018,68.3,78.7,89
6/20/2018,64.1,69.6,75.1
6/21/2018,60.6,66.7,72.8
6/22/2018,59.3,67.4,75.4
6/23/2018,61.1,67.3,73.4
6/24/2018,60.7,66.5,72.2
6/25/2018,59.4,66.7,74.1
6/26/2018,59.9,69.2,78.6
6/27/2018,65.5,72.8,80.2
6/28/2018,59.6,67.2,74.8
6/29/2018,64.1,72.5,80.8
6/30/2018,73.9,82.9,91.8
7/1/2018,73.5,82.7,92
7/2/2018,69.9,81.4,92.9
7/3/2018,61.5,69.9,78.2
7/4/2018,71.8,81.8,91.8
7/5/2018,74.3,82.7,91
7/6/2018,63,74.4,85.9
7/7/2018,53.9,67.1,80.3
7/8/2018,56,69.4,82.8
7/9/2018,59.6,70.9,82.2
7/10/2018,70.9,78.1,85.3
7/11/2018,63,74.9,86.8
7/12/2018,60.7,72.7,84.7
7/13/2018,67.7,76.2,84.6
7/14/2018,71.9,79.8,87.6
7/15/2018,66.5,73.7,80.9
7/16/2018,69.3,78.2,87.1
7/17/2018,65.7,75.9,86.2
7/18/2018,54.2,66.6,79
7/19/2018,55.6,67.2,78.8
7/20/2018,65.9,76.2,86.4
7/21/2018,67.5,76.1,84.8
7/22/2018,67.6,71.3,75
7/23/2018,65.3,71.2,77
7/24/2018,65.2,70.4,75.5
7/25/2018,63,70.8,78.6
7/26/2018,65.6,73.4,81.2
7/27/2018,62.6,69.2,75.8
7/28/2018,55.5,63.7,71.9
7/29/2018,55.7,65.6,75.4
7/30/2018,56,67.6,79.2
7/31/2018,58,69.5,80.9
8/1/2018,63.8,71.4,79.1
8/2/2018,64.6,73,81.5
8/3/2018,61,71.6,82.3
8/4/2018,59.5,70.3,81.1
8/5/2018,68.2,80,91.7
8/6/2018,70.8,80.5,90.1
8/7/2018,65,71.6,78.2
8/8/2018,68.3,74.7,81
8/9/2018,64,71.7,79.4
8/10/2018,64.1,72.9,81.8
8/11/2018,58.9,71.7,84.4
8/12/2018,63.3,73.6,84
8/13/2018,60.8,73,85.1
8/14/2018,60.9,72.9,84.8
8/15/2018,66.7,76,85.2
8/16/2018,66.1,76.7,87.4
8/17/2018,67.3,75,82.6
8/18/2018,63.5,71.2,78.8
8/19/2018,61.6,71.6,81.7
8/20/2018,64,73.6,83.2
8/21/2018,67,72.9,78.9
8/22/2018,60.2,68.7,77.2
8/23/2018,54.8,65,75.2
8/24/2018,56.3,67.3,78.2
8/25/2018,62.4,69.1,75.8
8/26/2018,65.9,71.5,77
8/27/2018,70.1,78.8,87.5
8/28/2018,68,78.3,88.5
8/29/2018,67.5,77.6,87.6
8/30/2018,52.4,62.9,73.5
8/31/2018,54.4,63.4,72.4
9/1/2018,61.1,71.5,82
9/2/2018,68.7,74.8,80.8
9/3/2018,69.7,77.9,86.2
9/4/2018,69.7,75.8,81.9
9/5/2018,72.2,80.2,88.3
9/6/2018,64.9,76,87.1
9/7/2018,59.2,65.7,72.2
9/8/2018,56.6,62.9,69.2
9/9/2018,53.5,60.7,67.9
9/10/2018,55.1,62,68.9
9/11/2018,52.4,62.1,71.7
9/12/2018,53.3,63.8,74.4
9/13/2018,54.2,66.5,78.8
9/14/2018,54.9,65.9,76.9
9/15/2018,55.8,68.3,80.7
9/16/2018,57.9,70.3,82.7
9/17/2018,62.7,74.8,86.8
9/18/2018,62.4,74.2,86.1
9/19/2018,57.7,66.9,76.1
9/20/2018,59.4,68.2,77.1
9/21/2018,65.4,75.7,86
9/22/2018,47.2,61.3,75.3
9/23/2018,43.3,54.1,65
9/24/2018,48.8,60.1,71.4
9/25/2018,52.3,63,73.7
9/26/2018,56.8,67.3,77.8
9/27/2018,46.4,54.4,62.4
9/28/2018,49.9,57.3,64.7
9/29/2018,43.6,52.3,60.9
9/30/2018,42.9,50.5,58.2
10/1/2018,43.5,48.1,52.7
10/2/2018,49.4,57.2,64.9
10/3/2018,55.9,59,62.1
10/4/2018,59.7,71.8,83.9
10/5/2018,45.2,53,60.8
10/6/2018,47.1,55.1,63.1
10/7/2018,53.3,60.9,68.6
10/8/2018,52.8,56.2,59.7
10/9/2018,61.4,72.1,82.8
10/10/2018,66.6,75.2,83.8
10/11/2018,49.9,61.5,73
10/12/2018,43.7,46.9,50
10/13/2018,40,43.3,46.5
10/14/2018,39.9,45.7,51.5
10/15/2018,42.7,51,59.3
10/16/2018,41,43.5,46
10/17/2018,43.2,49.4,55.7
10/18/2018,28.8,37.8,46.7
10/19/2018,31.3,42.4,53.5
10/20/2018,43.4,49.5,55.7
10/21/2018,35.2,43.9,52.7
10/22/2018,33.9,40.4,46.8
10/23/2018,36.4,46.3,56.1
10/24/2018,29.1,40.9,52.7
10/25/2018,29.7,39.8,49.8
10/26/2018,31.8,40.3,48.9
10/27/2018,41.8,46.9,51.9
10/28/2018,39.9,44.4,48.8
10/29/2018,42.5,46.2,49.9
10/30/2018,37.1,45,52.9
10/31/2018,42.6,51.1,59.7
11/1/2018,45.4,50.1,54.7
11/2/2018,37.7,42.6,47.6
11/3/2018,37.5,42.7,48
11/4/2018,38.3,42.8,47.2
11/5/2018,40.2,46,51.9
11/6/2018,45.7,48.8,51.9
11/7/2018,37.3,43.9,50.5
11/8/2018,37.7,38.7,39.6
11/9/2018,32.8,36.7,40.6
11/10/2018,24.7,30.5,36.4
11/11/2018,27.6,30.5,33.5
11/12/2018,28.9,34.1,39.4
11/13/2018,30.2,33.8,37.4
11/14/2018,25.8,28,30.2
11/15/2018,26.3,30.8,35.3
11/16/2018,27.8,31.8,35.8
11/17/2018,31.6,35.8,39.9
11/18/2018,31.5,33.7,35.9
11/19/2018,27.1,32.3,37.4
11/20/2018,24.8,31.2,37.6
11/21/2018,25.8,30.7,35.6
11/22/2018,23.2,28.4,33.6
11/23/2018,23.2,26.9,30.5
11/24/2018,30.6,40.1,49.6
11/25/2018,40.1,43.3,46.6
11/26/2018,29,35.6,42.2
11/27/2018,27.8,30.1,32.5
11/28/2018,25.6,27.7,29.8
11/29/2018,23.7,26,28.4
11/30/2018,24.6,27.4,30.2
12/1/2018,26.4,31.5,36.5
12/2/2018,31.2,35.4,39.5
12/3/2018,34.1,40.7,47.3
12/4/2018,29.3,32.2,35
12/5/2018,26,30.1,34.2
12/6/2018,28.6,31.9,35.3
12/7/2018,26.5,30.5,34.5
12/8/2018,24,26.5,29.1
12/9/2018,16.9,23.7,30.4
12/10/2018,20.1,26.3,32.5
12/11/2018,27.9,31.8,35.7
12/12/2018,28.6,31.1,33.5
12/13/2018,31.6,36.1,40.5
12/14/2018,32.3,36.7,41.1
12/15/2018,30.1,35.9,41.7
12/16/2018,28.9,35.7,42.5
12/17/2018,28.4,35.7,42.9
12/18/2018,22.3,31,39.7
12/19/2018,22.5,31.1,39.7
12/20/2018,32.1,40.4,48.8
12/21/2018,36.3,42.3,48.2
12/22/2018,30.9,34,37.1
12/23/2018,30.8,32.2,33.6
12/24/2018,30.6,33.9,37.1
12/25/2018,24.1,28,31.8
12/26/2018,27.4,32,36.6
12/27/2018,31.5,37.8,44.2
12/28/2018,36.9,45.3,53.6
12/29/2018,28.1,39.4,50.7
12/30/2018,27.3,29.4,31.5
12/31/2018,26.4,29.6,32.9
1/1/2019,32.8,35.5,38.3
1/2/2019,26.4,29.3,32.2
1/3/2019,28.3,30.4,32.5
1/4/2019,31.3,34.8,38.3
1/5/2019,25.9,35.7,45.5
1/6/2019,26.7,36.8,47
1/7/2019,28.1,34,39.9
1/8/2019,35.3,43.4,51.5
1/9/2019,24.5,33.4,42.3
1/10/2019,21.2,22.7,24.2
1/11/2019,20,23.4,26.9
1/12/2019,22.1,25.9,29.7
1/13/2019,22.9,26.6,30.4
1/14/2019,14.5,23.2,32
1/15/2019,21.8,26.3,30.7
1/16/2019,28.4,31.8,35.1
1/17/2019,21,26.8,32.7
1/18/2019,24,28.2,32.4
1/19/2019,18.3,24.2,30.2
1/20/2019,1.9,11.8,21.7
1/21/2019,-11.1,2,15.1
1/22/2019,-10.1,2,14.2
1/23/2019,16,24.9,33.8
1/24/2019,25.9,31.5,37.2
1/25/2019,11.6,18.8,26
1/26/2019,5.8,9.4,12.9
1/27/2019,5.6,12.1,18.6
1/28/2019,7.2,10.8,14.3
1/29/2019,11.6,17,22.5
1/30/2019,-4.8,5.4,15.6
1/31/2019,-5.9,-1.6,2.6
2/1/2019,-4.9,0,4.9
2/2/2019,3,10.6,18.2
2/3/2019,17.3,30.7,44.1
2/4/2019,41.2,44.3,47.5
2/5/2019,31.9,41.3,50.7
2/6/2019,28.7,31.1,33.5
2/7/2019,33.1,33.8,34.5
2/8/2019,15.6,31.3,47.1
2/9/2019,12.1,14.4,16.7
2/10/2019,13.3,18,22.8
2/11/2019,20.2,24,27.7
2/12/2019,23.9,26.7,29.6
2/13/2019,23.9,28.5,33.2
2/14/2019,21.2,24.8,28.4
2/15/2019,23.1,33.2,43.2
2/16/2019,18.6,22.4,26.2
2/17/2019,18.5,23.1,27.8
2/18/2019,19,22.2,25.4
2/19/2019,9.5,18.6,27.8
2/20/2019,10.9,20.3,29.8
2/21/2019,25.1,31,36.8
2/22/2019,17.6,25,32.4
2/23/2019,16.8,27.8,38.9
2/24/2019,31.1,38.7,46.4
2/25/2019,16,28.7,41.5
2/26/2019,14.1,16.2,18.3
2/27/2019,15.3,17.5,19.7
2/28/2019,18.9,22.7,26.4
3/1/2019,20.9,24.4,27.8
3/2/2019,23.9,28.5,33.1
3/3/2019,22.5,28.1,33.8
3/4/2019,10.1,17.2,24.2
3/5/2019,7.9,11.4,14.8
3/6/2019,11.4,14.9,18.4
3/7/2019,14.7,20.4,26.1
3/8/2019,8.6,17.5,26.5
3/9/2019,12.1,24.5,36.8
3/10/2019,26.2,33.7,41.3
3/11/2019,28.7,32.7,36.7
3/12/2019,20.5,26.9,33.4
3/13/2019,22.1,33.9,45.7
3/14/2019,37.8,46.3,54.7
3/15/2019,37.1,48.9,60.7
3/16/2019,30.7,34.2,37.7
3/17/2019,22.8,29.3,35.9
3/18/2019,23.3,31.7,40
3/19/2019,25.4,33,40.7
3/20/2019,27,36.2,45.4
3/21/2019,33.6,38,42.3
3/22/2019,33.5,37,40.5
3/23/2019,22,31.3,40.6
3/24/2019,26,35.1,44.1
3/25/2019,30.7,41.6,52.4
3/26/2019,22.7,34.1,45.5
3/27/2019,25.3,35.3,45.3
3/28/2019,30.8,41.8,52.8
3/29/2019,39.1,48.5,57.8
3/30/2019,39.1,48.2,57.3
3/31/2019,24.6,34.7,44.7
4/1/2019,21.5,27.3,33.1
4/2/2019,26.7,35.6,44.5
4/3/2019,35.8,44.9,53.9
4/4/2019,38.5,45.2,51.8
4/5/2019,35.8,41.9,47.9
4/6/2019,33,42.4,51.8
4/7/2019,38.5,51.3,64.2
4/8/2019,49.3,61,72.7
4/9/2019,43.6,54.4,65.1
4/10/2019,34.2,45.8,57.4
4/11/2019,33.4,38.8,44.3
4/12/2019,34.7,43.3,51.9
4/13/2019,36.6,43.8,51
4/14/2019,36.1,41.1,46.1
4/15/2019,31.9,34.1,36.3
4/16/2019,35.3,40.6,45.8
4/17/2019,45.4,53.3,61.3
4/18/2019,46.1,57.1,68
4/19/2019,39.3,48.3,57.3
4/20/2019,37.9,45.4,53
4/21/2019,37.9,50.6,63.3
4/22/2019,43.5,57.8,72.1
4/23/2019,42.7,60.4,78.2
4/24/2019,32,41.8,51.6
4/25/2019,40.7,51.4,62.1
4/26/2019,46.8,56.3,65.8
4/27/2019,35.5,45.7,55.8
4/28/2019,32.7,37.1,41.5
4/29/2019,36.9,45,53.1
4/30/2019,40.7,43.7,46.7
5/1/2019,44.2,46.1,48
5/2/2019,42.9,49,55
5/3/2019,45,48.6,52.2
5/4/2019,39.2,46.6,54
5/5/2019,38.1,49.1,60.1
5/6/2019,48.9,58.6,68.3
5/7/2019,46.2,55.2,64.3
5/8/2019,42.9,50.4,57.9
5/9/2019,45.5,53,60.5
5/10/2019,41.3,55.4,69.4
5/11/2019,35.8,42.7,49.5
5/12/2019,42.8,48.4,54
5/13/2019,45.5,51,56.5
5/14/2019,36.4,47.1,57.8
5/15/2019,44.2,54.5,64.8
5/16/2019,50.5,59,67.5
5/17/2019,54.6,63.7,72.7
5/18/2019,49,57.2,65.3
5/19/2019,56.4,68,79.5
5/20/2019,46.2,59.5,72.8
5/21/2019,40.3,46,51.7
5/22/2019,46.5,53.6,60.8
5/23/2019,52.3,65.7,79.1
5/24/2019,49.7,59.5,69.3
5/25/2019,52.2,62.7,73.3
5/26/2019,59.9,67.3,74.7
5/27/2019,47.4,59.6,71.8
5/28/2019,55.5,64.5,73.6
5/29/2019,50.2,55.6,60.9
5/30/2019,54.1,59.9,65.6
5/31/2019,50.5,59,67.5
6/1/2019,59.2,68.6,78.1
6/2/2019,49.5,59.8,70
6/3/2019,43.3,54.6,65.9
6/4/2019,47.4,55.9,64.5
6/5/2019,59.2,67,74.8
6/6/2019,54.7,64.3,73.9
6/7/2019,56,66.1,76.1
6/8/2019,57.8,70.5,83.1
6/9/2019,63.3,73.3,83.2
6/10/2019,57.3,63.7,70
6/11/2019,50.3,58.4,66.4
6/12/2019,56.3,66.8,77.2
6/13/2019,53.8,64.6,75.4
6/14/2019,47.7,54.1,60.5
6/15/2019,59.1,67.2,75.3
6/16/2019,60.1,65.6,71
6/17/2019,56.4,59.5,62.6
6/18/2019,56.8,63.2,69.6
6/19/2019,57.3,65.9,74.5
6/20/2019,60.8,68.5,76.1
6/21/2019,52.7,61,69.2
6/22/2019,57.2,66,74.7
6/23/2019,59.9,69.5,79.2
6/24/2019,65.7,73.8,81.9
6/25/2019,61.9,68.9,75.9
6/26/2019,64.3,72.8,81.2
6/27/2019,64.3,73.3,82.4
6/28/2019,68.2,76,83.9
6/29/2019,67,74.8,82.6
6/30/2019,62.8,73.1,83.5
7/1/2019,67.2,75.5,83.7
7/2/2019,70,77,84.1
7/3/2019,69.2,78.5,87.9
7/4/2019,68.4,76.3,84.2
7/5/2019,72.6,79.9,87.3
7/6/2019,71.6,79.3,87
7/7/2019,64.9,75.4,85.9
7/8/2019,58.5,70.8,83
7/9/2019,58.5,69.7,80.9
7/10/2019,66.3,75.8,85.3
7/11/2019,66.2,78,89.7
7/12/2019,55.9,67.3,78.6
7/13/2019,62.6,70.5,78.5
7/14/2019,63.3,73.9,84.6
7/15/2019,68.3,77,85.7
7/16/2019,70.8,80.1,89.3
7/17/2019,69.5,76,82.4
7/18/2019,71.3,79.9,88.5
7/19/2019,73.3,80.1,86.9
7/20/2019,71.2,81.2,91.1
7/21/2019,70.1,80.3,90.6
7/22/2019,63.2,72.5,81.8
7/23/2019,56.3,65.8,75.4
7/24/2019,54.4,64.8,75.2
7/25/2019,58.2,67.4,76.6
7/26/2019,61.5,70.8,80
7/27/2019,67.8,75.3,82.7
7/28/2019,72.6,78.7,84.7
7/29/2019,73.1,80.1,87.2
7/30/2019,65.2,71.4,77.6
7/31/2019,57.5,67.7,77.8
8/1/2019,53.9,65,76
8/2/2019,55.5,67.8,80.1
8/3/2019,58,69.8,81.5
8/4/2019,62.9,72.6,82.3
8/5/2019,61.4,72.2,83
8/6/2019,67.6,75.7,83.8
8/7/2019,61.2,69.4,77.6
8/8/2019,65.1,74.1,83.1
8/9/2019,58.3,68,77.6
8/10/2019,58.1,67.1,76.2
8/11/2019,59.2,69.6,79.9
8/12/2019,66.2,74.2,82.1
8/13/2019,69.1,75.8,82.5
8/14/2019,64,74.8,85.7
8/15/2019,60.6,70.7,80.8
8/16/2019,55.8,65.2,74.7
8/17/2019,59.1,69.9,80.7
8/18/2019,65.8,74.1,82.4
8/19/2019,63.1,72.7,82.3
8/20/2019,68.6,75.8,83
8/21/2019,65.4,74.5,83.6
8/22/2019,62.4,71.9,81.4
8/23/2019,54.5,65.7,76.9
8/24/2019,50.8,62.7,74.6
8/25/2019,52.4,64.2,75.9
8/26/2019,59.9,68.9,77.9
8/27/2019,63.5,68,72.5
8/28/2019,61.1,69.3,77.4
8/29/2019,53.8,63.1,72.4
8/30/2019,57.1,69.8,82.5
8/31/2019,47.4,59.5,71.6
9/1/2019,56.3,64.3,72.4
9/2/2019,56.9,63.2,69.4
9/3/2019,62.7,69.9,77.2
9/4/2019,62,69.6,77.2
9/5/2019,48.1,58,67.9
9/6/2019,53.7,62,70.3
9/7/2019,51.4,60.5,69.7
9/8/2019,53.6,62.8,72
9/9/2019,55,60.5,65.9
9/10/2019,55.5,64.1,72.7
9/11/2019,65.2,75.5,85.8
9/12/2019,64.7,76.1,87.5
9/13/2019,64.4,69,73.6
9/14/2019,61.1,69.2,77.4
9/15/2019,61.5,66.8,72.2
9/16/2019,65.2,69.3,73.5
9/17/2019,59.2,68.5,77.8
9/18/2019,56.6,66.7,76.8
9/19/2019,59.1,69.6,80.2
9/20/2019,61.6,71.4,81.2
9/21/2019,64,72.7,81.4
9/22/2019,69.2,75.4,81.5
9/23/2019,64,71.7,79.4
9/24/2019,55.9,63,70.1
9/25/2019,61.3,68.1,75
9/26/2019,60.3,66.8,73.3
9/27/2019,52.5,59.8,67.2
9/28/2019,56.9,62.2,67.6
9/29/2019,55.6,62,68.3
9/30/2019,54.3,57.9,61.5
10/1/2019,63.2,73.7,84.3
10/2/2019,68.8,72.5,76.3
10/3/2019,52.8,60.2,67.5
10/4/2019,47.9,55.6,63.4
10/5/2019,42.6,49.4,56.2
10/6/2019,46,53.8,61.6
10/7/2019,52.2,58.6,65
10/8/2019,42.3,53.9,65.5
10/9/2019,45.8,56.9,68.1
10/10/2019,50.1,60,69.9
10/11/2019,54.6,63.8,73.1
10/12/2019,41.7,53.7,65.8
10/13/2019,41.8,46.8,51.8
10/14/2019,44.5,46.6,48.7
10/15/2019,36.3,43.4,50.4
10/16/2019,41.6,51,60.4
10/17/2019,45.6,47.6,49.6
10/18/2019,33.8,42.7,51.7
10/19/2019,36.1,46.1,56.2
10/20/2019,43.4,52.4,61.5
10/21/2019,47.7,54.6,61.6
10/22/2019,48.1,55.3,62.4
10/23/2019,45.6,48.3,51
10/24/2019,43.1,48.5,54
10/25/2019,41,46.3,51.5
10/26/2019,32.5,40.4,48.4
10/27/2019,35.8,45.1,54.5
10/28/2019,41.1,47,52.9
10/29/2019,40.3,47.1,54
10/30/2019,35.6,39.6,43.6
10/31/2019,34,37.5,41
11/1/2019,33,36.7,40.4
11/2/2019,32.7,38.4,44
11/3/2019,36.4,39.8,43.1
11/4/2019,36.9,42.2,47.6
11/5/2019,38.5,44.8,51.1
11/6/2019,32.1,37.8,43.5
11/7/2019,29.7,35.8,41.8
11/8/2019,26.2,29.7,33.2
11/9/2019,26.2,30.3,34.4
11/10/2019,31.1,37.7,44.3
11/11/2019,29.2,36,42.8
11/12/2019,20.5,25.2,29.9
11/13/2019,13.3,18.8,24.2
11/14/2019,13.4,20.6,27.8
11/15/2019,27.1,30,32.9
11/16/2019,24.8,31.7,38.6
11/17/2019,21,29.2,37.4
11/18/2019,22,30.5,38.9
11/19/2019,34.4,38,41.6
11/20/2019,33.7,37.5,41.3
11/21/2019,36.1,40.6,45.1
11/22/2019,34.8,43.7,52.5
11/23/2019,22.2,29.4,36.7
11/24/2019,26.6,32.8,39.1
11/25/2019,34,41.4,48.8
11/26/2019,29.4,40,50.5
11/27/2019,29.7,41.6,53.6
11/28/2019,34.9,43.2,51.5
11/29/2019,32.6,35.5,38.3
11/30/2019,33.7,35.6,37.5
12/1/2019,33,35.4,37.9
12/2/2019,31.1,33.2,35.3
12/3/2019,29.9,31.9,33.9
12/4/2019,31.6,35.2,38.9
12/5/2019,33.8,35.7,37.7
12/6/2019,36,39.6,43.1
12/7/2019,24.9,31.5,38.1
12/8/2019,27.6,31.5,35.5
12/9/2019,35.2,41.3,47.4
12/10/2019,26.9,37.8,48.7
12/11/2019,19.7,23.3,26.9
12/12/2019,12.8,17.2,21.6
12/13/2019,18.3,29,39.7
12/14/2019,28.9,35.6,42.3
12/15/2019,27.8,31.9,36.1
12/16/2019,26.4,27.7,29.1
12/17/2019,26,28.7,31.4
12/18/2019,19.6,26.5,33.4
12/19/2019,13.6,16.5,19.4
12/20/2019,16,25.1,34.2
12/21/2019,28,32.5,37
12/22/2019,30.1,37.3,44.5
12/23/2019,36,43.4,50.9
12/24/2019,27.1,38.4,49.8
12/25/2019,30.6,36.8,43
12/26/2019,37,46.6,56.3
12/27/2019,37.6,48.6,59.6
12/28/2019,30.5,34.1,37.7
12/29/2019,31.5,39.9,48.3
12/30/2019,40.5,48.7,56.8
12/31/2019,27.7,33.7,39.8
1/1/2020,25,27.6,30.3
1/2/2020,25.8,33.9,42.1
1/3/2020,34.7,39.9,45.1
1/4/2020,32.8,35.3,37.9
1/5/2020,30.4,32.9,35.4
1/6/2020,29.5,34.4,39.3
1/7/2020,28.4,34.1,39.9
1/8/2020,21.6,30.2,38.7
1/9/2020,19.1,21.2,23.2
1/10/2020,25.6,37.9,50.3
1/11/2020,39.2,44.5,49.8
1/12/2020,23,30.8,38.6
1/13/2020,24.8,28.3,31.7
1/14/2020,31.9,32.9,34
1/15/2020,30,34,38
1/16/2020,29,32.8,36.7
1/17/2020,18.6,23.4,28.3
1/18/2020,18.3,24.2,30.1
1/19/2020,16.2,26.5,36.8
1/20/2020,10.7,19.6,28.4
1/21/2020,18.7,22.1,25.5
1/22/2020,19.8,24.6,29.5
1/23/2020,21.3,27.3,33.3
1/24/2020,30.9,33.8,36.8
1/25/2020,34.6,35.7,36.8
1/26/2020,33.7,34.7,35.7
1/27/2020,32.7,34.1,35.4
1/28/2020,31.8,34.4,37
1/29/2020,30,31.9,33.7
1/30/2020,29.9,31,32.2
1/31/2020,29.9,31.8,33.7
2/1/2020,29.7,32.8,35.9
2/2/2020,32.8,35,37.2
2/3/2020,29.6,39,48.3
2/4/2020,29.6,39.6,49.6
2/5/2020,22.8,29.7,36.6
2/6/2020,21.9,25.3,28.8
2/7/2020,19.8,23.7,27.6
2/8/2020,18.5,26.5,34.5
2/9/2020,23.8,27.5,31.1
2/10/2020,26.7,31.4,36.1
2/11/2020,24.3,28.5,32.6
2/12/2020,24.6,28.4,32.1
2/13/2020,24,29.3,34.6
2/14/2020,11.9,18.6,25.4
2/15/2020,4.6,12,19.5
2/16/2020,14.9,24.2,33.4
2/17/2020,20.1,28,35.9
2/18/2020,23.3,30.4,37.5
2/19/2020,20.2,28.1,35.9
2/20/2020,17.4,21.5,25.6
2/21/2020,15.6,19.4,23.3
2/22/2020,22,27.6,33.2
2/23/2020,31.4,37.2,43
2/24/2020,31.5,39.4,47.2
2/25/2020,32.8,38.3,43.7
2/26/2020,27.9,33.9,39.8
2/27/2020,24.4,27.9,31.3
2/28/2020,21.6,23,24.5
2/29/2020,22.3,24.9,27.5
3/1/2020,23.4,27.2,30.9
3/2/2020,28.5,41.3,54
3/3/2020,27.1,35,42.9
3/4/2020,33.3,37.1,40.9
3/5/2020,24.4,32.3,40.2
3/6/2020,29.8,39,48.2
3/7/2020,18.9,27.9,36.9
3/8/2020,21.3,34.7,48.2
3/9/2020,37.3,49.3,61.4
3/10/2020,34.6,45.2,55.7
3/11/2020,30.3,36.1,42
3/12/2020,31,36.4,41.7
3/13/2020,33.4,43.6,53.9
3/14/2020,31.3,37,42.7
3/15/2020,26.7,31.8,36.9
3/16/2020,25.9,35.5,45
3/17/2020,28.8,35.8,42.8
3/18/2020,27.5,33.9,40.3
3/19/2020,33.1,39.5,45.8
3/20/2020,36.8,49.1,61.4
3/21/2020,23,30.8,38.7
3/22/2020,20.5,27.2,33.9
3/23/2020,24.3,31.6,38.9
3/24/2020,28.9,34.3,39.7
3/25/2020,29.7,39.5,49.3
3/26/2020,31.3,42.4,53.6
3/27/2020,37.9,43.7,49.5
3/28/2020,38.8,46.2,53.5
3/29/2020,44.2,50.2,56.2
3/30/2020,37.9,45.7,53.6
3/31/2020,35.7,38.3,40.9
4/1/2020,36.5,40.2,43.9
4/2/2020,30.2,38.6,47.1
4/3/2020,33.3,43.2,53.1
4/4/2020,40,51.4,62.9
4/5/2020,33.5,38.2,43
4/6/2020,31.3,42,52.8
4/7/2020,40,49.7,59.5
4/8/2020,45.2,58.5,71.8
4/9/2020,39.4,48.8,58.2
4/10/2020,34.1,39,43.9
4/11/2020,30.3,35.2,40.2
4/12/2020,38.4,47.9,57.3
4/13/2020,36,50.1,64.2
4/14/2020,30.9,35.9,40.8
4/15/2020,28.8,32.5,36.3
4/16/2020,25.3,30.5,35.7
4/17/2020,30.8,35.8,40.8
4/18/2020,30.7,35.3,39.8
4/19/2020,38.6,46.2,53.9
4/20/2020,32.9,42.9,53
4/21/2020,34.4,45.7,56.9
4/22/2020,26.9,33.3,39.7
4/23/2020,34,38.9,43.8
4/24/2020,38.8,44.9,51
4/25/2020,39,45,50.9
4/26/2020,42.1,47.8,53.4
4/27/2020,34.1,48.1,62
4/28/2020,41.9,51.8,61.7
4/29/2020,50,60.5,70.9
4/30/2020,42.4,50.9,59.5
5/1/2020,35.6,42.8,49.9
5/2/2020,46.4,52.2,58
5/3/2020,50.6,59.5,68.4
5/4/2020,37.6,51.4,65.1
5/5/2020,40.6,46.7,52.8
5/6/2020,35.2,44.4,53.7
5/7/2020,40.6,47.9,55.2
5/8/2020,36.2,46.5,56.8
5/9/2020,25.7,33.9,42
5/10/2020,37.1,44.8,52.5
5/11/2020,35.9,44.3,52.8
5/12/2020,32.9,39.1,45.3
5/13/2020,32.7,43.2,53.6
5/14/2020,45.7,55.4,65.1
5/15/2020,48.8,57,65.2
5/16/2020,48.2,58.5,68.9
5/17/2020,52.8,61.2,69.6
5/18/2020,53.4,55.2,57
5/19/2020,55.3,58,60.7
5/20/2020,53.4,58.4,63.3
5/21/2020,51.4,61.4,71.5
5/22/2020,58,66.6,75.2
5/23/2020,55,61.7,68.4
5/24/2020,61.8,70.9,80.1
5/25/2020,62.9,72.1,81.3
5/26/2020,65.3,74.6,83.9
5/27/2020,67,78.1,89.3
5/28/2020,67.5,75.1,82.8
5/29/2020,58,67.2,76.4
5/30/2020,53,60.3,67.7
5/31/2020,42.5,53.6,64.7
6/1/2020,44.7,53,61.2
6/2/2020,58.1,65.8,73.6
6/3/2020,61.3,73.3,85.3
6/4/2020,61,69.3,77.6
6/5/2020,57.9,68.8,79.8
6/6/2020,60.5,71.3,82.2
6/7/2020,54.4,64.8,75.2
6/8/2020,58.5,68.3,78
6/9/2020,62.9,74.9,86.8
6/10/2020,69.9,80.9,91.9
6/11/2020,57.7,69.8,81.9
6/12/2020,53.3,64.1,75
6/13/2020,49.8,61,72.1
6/14/2020,45.8,57.1,68.4
6/15/2020,47.8,59.7,71.6
6/16/2020,52.8,63.8,74.7
6/17/2020,60.2,70.2,80.2
6/18/2020,58.8,71,83.1
6/19/2020,60,72.4,84.8
6/20/2020,65.3,77.1,88.8
6/21/2020,68.5,78.9,89.4
6/22/2020,62.1,69.9,77.7
6/23/2020,61.7,73.4,85.1
6/24/2020,56.2,63.9,71.7
6/25/2020,57.7,65.9,74.1
6/26/2020,58.2,67.3,76.5
6/27/2020,66.1,72.2,78.4
6/28/2020,63.2,72.3,81.4
6/29/2020,66.3,75.4,84.5
6/30/2020,71.4,79.9,88.4
7/1/2020,64.7,76.5,88.3
7/2/2020,65.4,76.8,88.1
7/3/2020,66.2,77.8,89.3
7/4/2020,69,77.6,86.2
7/5/2020,67.3,78.1,88.9
7/6/2020,62.9,75,87.1
7/7/2020,70.6,79.8,88.9
7/8/2020,72.1,80.8,89.4
7/9/2020,70.6,79.2,87.9
7/10/2020,70,79.6,89.3
7/11/2020,64.5,72.3,80
7/12/2020,66.4,74,81.5
7/13/2020,59.4,67.8,76.3
7/14/2020,56.8,66.4,76
7/15/2020,65.5,74.1,82.7
7/16/2020,66.2,75.6,85
7/17/2020,61.8,69.9,78.1
7/18/2020,66.6,74.9,83.2
7/19/2020,75.2,83.1,91.1
7/20/2020,69.1,74.4,79.6
7/21/2020,65.3,72.3,79.2
7/22/2020,66.7,73.9,81.1
7/23/2020,65.8,73.5,81.2
7/24/2020,64,72.8,81.7
7/25/2020,63.5,73.8,84.1
7/26/2020,67.8,76.4,85
7/27/2020,74,83,91.9
7/28/2020,65,72.3,79.5
7/29/2020,71.4,76.8,82.3
7/30/2020,63.7,73.3,82.9
7/31/2020,60.4,71.8,83.2
8/1/2020,63.8,72.4,81
8/2/2020,65.7,72.2,78.6
8/3/2020,63.4,70.5,77.6
8/4/2020,57.7,66.1,74.5
8/5/2020,48.4,59.3,70.2
8/6/2020,50.5,62,73.4
8/7/2020,52.9,65,77.1
8/8/2020,57.2,69.7,82.2
8/9/2020,66,74.8,83.7
8/10/2020,70.4,79.5,88.5
8/11/2020,67.9,77.2,86.5
8/12/2020,55.1,67.3,79.5
8/13/2020,58.4,71.1,83.9
8/14/2020,60.7,73.2,85.7
8/15/2020,62.8,75.6,88.4
8/16/2020,67.4,75.3,83.2
8/17/2020,59.6,70.4,81.2
8/18/2020,58.7,69.3,79.9
8/19/2020,49.1,62.2,75.3
8/20/2020,56.3,66.9,77.6
8/21/2020,59.7,69.7,79.7
8/22/2020,59.8,71,82.1
8/23/2020,61.9,73,84.1
8/24/2020,67.2,76.1,85
8/25/2020,71.8,79.6,87.5
8/26/2020,68.1,74.8,81.5
8/27/2020,71.8,79.9,88.1
8/28/2020,74,81,87.9
8/29/2020,67.5,77.1,86.8
8/30/2020,53.2,63.9,74.6
8/31/2020,56.3,65,73.7
9/1/2020,61.5,70.5,79.5
9/2/2020,66.7,71.5,76.4
9/3/2020,60,69,78
9/4/2020,57.4,69.2,81.1
9/5/2020,56.1,63.9,71.8
9/6/2020,50.6,63.2,75.7
9/7/2020,55.3,66.1,76.8
9/8/2020,55,64,73
9/9/2020,51.3,54.5,57.7
9/10/2020,52.4,56.5,60.6
9/11/2020,53.7,58.2,62.8
9/12/2020,54.8,62,69.2
9/13/2020,59.2,64.8,70.3
9/14/2020,50.5,59,67.6
9/15/2020,50.9,59.2,67.5
9/16/2020,53.6,62.9,72.2
9/17/2020,55.2,64.8,74.4
9/18/2020,42.5,55.1,67.6
9/19/2020,35.9,48.3,60.8
9/20/2020,39.2,51.2,63.2
9/21/2020,44.5,57.5,70.6
9/22/2020,47.7,59.7,71.7
9/23/2020,50.2,61.8,73.5
9/24/2020,54.4,64.2,74
9/25/2020,53.6,63.8,74
9/26/2020,56.6,67.3,78.1
9/27/2020,61.9,69.2,76.5
9/28/2020,53.5,63.3,73.1
9/29/2020,52.2,56.2,60.2
9/30/2020,52.2,56.5,60.7
10/1/2020,50.7,56.2,61.7
10/2/2020,39,47.4,55.8
10/3/2020,39.5,45.1,50.6
10/4/2020,41.9,47.7,53.5
10/5/2020,35.4,45.4,55.3
10/6/2020,40.7,50.1,59.6
10/7/2020,54.9,60.9,66.9
10/8/2020,40.7,53.9,67
10/9/2020,40.5,52.5,64.5
10/10/2020,45.3,61.3,77.3
10/11/2020,48.3,59.4,70.4
10/12/2020,50,59.2,68.4
10/13/2020,44.7,56.9,69.2
10/14/2020,41.3,53.5,65.8
10/15/2020,44.5,56.4,68.3
10/16/2020,36.7,44.2,51.7
10/17/2020,33.1,42.9,52.8
10/18/2020,36,46.7,57.4
10/19/2020,35.7,44.8,54
10/20/2020,35.7,42.6,49.5
10/21/2020,40.2,47,53.7
10/22/2020,42.9,48,53
10/23/2020,44,57.1,70.1
10/24/2020,33.8,49.2,64.6
10/25/2020,34.5,40.4,46.3
10/26/2020,36.7,42.1,47.5
10/27/2020,36.9,39.2,41.4
10/28/2020,34.3,36.9,39.6
10/29/2020,38.6,44.4,50.1
10/30/2020,36.3,41.7,47.1
10/31/2020,29.2,34.1,38.9
11/1/2020,30.3,42.5,54.8
11/2/2020,31.8,35.7,39.6
11/3/2020,34.6,41.4,48.1
11/4/2020,38.3,50.3,62.3
11/5/2020,49.3,60.8,72.3
11/6/2020,48.8,56.2,63.5
11/7/2020,48.8,58.8,68.9
11/8/2020,48.1,59,70
11/9/2020,49.9,62.3,74.6
11/10/2020,61.9,68.8,75.6
11/11/2020,39.2,56.1,73.1
11/12/2020,29.6,35.4,41.3
11/13/2020,30.3,41,51.7
11/14/2020,25.8,32.6,39.4
11/15/2020,26.9,40,53.1
11/16/2020,35.6,44.7,53.7
11/17/2020,33.6,37.5,41.3
11/18/2020,26.8,32.2,37.6
11/19/2020,32.1,41,50
11/20/2020,50,56.1,62.1
11/21/2020,34,44.5,55
11/22/2020,33.4,39.2,45
11/23/2020,33.9,38.2,42.5
11/24/2020,24.7,34,43.2
11/25/2020,30.9,36.5,42
11/26/2020,41.6,43.4,45.2
11/27/2020,41.7,43.4,45.1
11/28/2020,31.9,38.3,44.6
11/29/2020,32.3,39.2,46.2
11/30/2020,33.8,41.2,48.6
12/1/2020,31.8,33.7,35.6
12/2/2020,30.5,34.7,39
12/3/2020,29.2,36.9,44.6
12/4/2020,35.6,38.7,41.7
12/5/2020,30.8,36.4,42
12/6/2020,28.7,32.5,36.4
12/7/2020,28.7,30.6,32.5
12/8/2020,29.1,32.7,36.3
12/9/2020,34.2,36.5,38.9
12/10/2020,26.4,35.4,44.4
12/11/2020,28,40.9,53.8
12/12/2020,32.3,38.1,43.9
12/13/2020,31.8,36.7,41.6
12/14/2020,28.8,32.6,36.5
12/15/2020,20.1,25.6,31
12/16/2020,22,25.9,29.9
12/17/2020,25.1,28,30.8
12/18/2020,25.3,28,30.7
12/19/2020,29.6,33.6,37.6
12/20/2020,35.7,37.9,40.1
12/21/2020,33.7,36.7,39.8
12/22/2020,32.7,36.5,40.3
12/23/2020,35.4,39.3,43.3
12/24/2020,22.1,38,53.8
12/25/2020,10.6,16.1,21.7
12/26/2020,19.1,22.7,26.4
12/27/2020,23.9,26.5,29
12/28/2020,25.1,33.4,41.7
12/29/2020,25.5,29.3,33
12/30/2020,22.2,27.7,33.2
12/31/2020,28.9,33.1,37.2
1/1/2021,19.7,25.3,31.1
1/2/2021,22.1,26.8,31.7
1/3/2021,26.7,31.1,34.3
1/4/2021,30.4,32.7,35.1
1/5/2021,29.9,31.7,33.7
1/6/2021,32.1,34.9,37
1/7/2021,32.1,36.2,39.3
1/8/2021,23.8,30,37.3
1/9/2021,15,23.9,32.7
1/10/2021,15.5,25.3,36.2
1/11/2021,24.1,28.3,33
1/12/2021,27,29.9,32.7
1/13/2021,30.6,33.1,36.1
1/14/2021,32.4,36.5,40.2
1/15/2021,31.5,37.3,42.8
1/16/2021,28.2,32.7,37
1/17/2021,29.7,32.9,36.4
1/18/2021,29.6,32,34.9
1/19/2021,27.4,29.7,32.1
1/20/2021,21.7,25.9,29.9
1/21/2021,21.7,29.3,36.5
1/22/2021,24.1,32,40
1/23/2021,18.5,21.2,24
1/24/2021,17.4,23.3,30.1
1/25/2021,25,27.9,30.6
1/26/2021,25.5,29.3,33.1
1/27/2021,14.1,21.6,29.4
1/28/2021,15.9,22.8,28.9
1/29/2021,14.4,19.8,25.3
1/30/2021,13.2,21.2,28.5
1/31/2021,22.8,26.9,30.6
2/1/2021,24.7,28.2,32.5
2/2/2021,19.8,25.7,32
2/3/2021,15.8,26.2,36.1
2/4/2021,15.9,25.6,34.9
2/5/2021,19.6,27.8,36.8
2/6/2021,15,16.9,19.3
2/7/2021,9,13.8,18.6
2/8/2021,7.6,9.9,12.7
2/9/2021,8.1,12.9,17.5
2/10/2021,8.5,12.6,17.7
2/11/2021,10,15.1,20.7
2/12/2021,10.4,15.6,20
2/13/2021,15.9,20.3,25.5
2/14/2021,12.4,17.4,22.1
2/15/2021,8.5,11.8,15.4
2/16/2021,7.5,10.3,14
2/17/2021,-5.9,5.1,18.4
2/18/2021,-2.3,9,22.7
2/19/2021,11.3,18,24.6
2/20/2021,17.1,20.4,24.9
2/21/2021,9.4,16.9,25.6
2/22/2021,13.7,24.4,35.5
2/23/2021,30.7,34.1,38
2/24/2021,36.1,40.6,45.1
2/25/2021,21.1,31.5,42.4
2/26/2021,20.8,28.6,37.2
2/27/2021,22.2,32.1,42.7
2/28/2021,32.9,39,45
3/1/2021,30.7,40,49.2
3/2/2021,17,23.6,30.3
3/3/2021,18.6,28.5,38.5
3/4/2021,26.2,35.8,45.3
3/5/2021,20.9,28.7,36.8
3/6/2021,21.1,30.5,40.2
3/7/2021,18.5,27.9,37.6
3/8/2021,19.4,32.4,45.2
3/9/2021,31.1,43.2,55.1
3/10/2021,33.4,50.2,67
3/11/2021,53.1,59.8,66.3
3/12/2021,35.7,44.9,54.7
3/13/2021,19.2,31,42.9
3/14/2021,21.4,34.5,47.6
3/15/2021,27.1,38.2,49.3
3/16/2021,27.4,32.4,37.4
3/17/2021,26.5,31.9,37.5
3/18/2021,29.5,40.6,51.3
3/19/2021,27.6,37.9,48
3/20/2021,22.9,36.2,49.6
3/21/2021,26.2,40.3,54.8
3/22/2021,36.4,50,63.8
3/23/2021,43.2,54.6,65.9
3/24/2021,49.2,60.3,71.5
3/25/2021,42.9,52.3,61.7
3/26/2021,35.4,43,50.3
3/27/2021,34.3,37.4,40.7
3/28/2021,37.4,47.5,57.4
3/29/2021,25.2,31.7,38.4
3/30/2021,29.4,42.5,55.5
3/31/2021,35.2,49.7,64.2
4/1/2021,25.4,32,38.6
4/2/2021,17.6,26.4,35.3
4/3/2021,24.5,33.7,43.1
4/4/2021,34.5,48,61.4
4/5/2021,41.8,56.4,71.1
4/6/2021,52.2,60.5,68.6
4/7/2021,55.2,65.2,75.3
4/8/2021,59.2,68.2,77.1
4/9/2021,49.2,60.8,72.4
4/10/2021,41.7,52.8,64.1
4/11/2021,45.4,55.8,66.3
4/12/2021,42.1,48.7,55.3
4/13/2021,36.6,47.5,58.2
4/14/2021,38.1,44.1,50.5
4/15/2021,35.1,39.4,44.3
4/16/2021,36.4,40.2,44.3
4/17/2021,31.3,37.9,44.5
4/18/2021,30.1,41.2,52.2
4/19/2021,38.7,47.8,56.9
4/20/2021,33.2,41.1,48.8
4/21/2021,27,33.1,39.4
4/22/2021,26.9,33.5,40
4/23/2021,35.6,41.3,47
4/24/2021,42,49.9,57.8
4/25/2021,36.1,45,53.8
4/26/2021,36,39.7,43.4
4/27/2021,41.7,54.3,67.1
4/28/2021,44.4,60.1,75.5
4/29/2021,42.3,46.6,50.4
4/30/2021,39.2,47.4,55.6
5/1/2021,31.4,40.7,50.3
5/2/2021,43.2,58.9,74.6
5/3/2021,57.3,68.3,79.7
5/4/2021,43.5,54.4,65.4
5/5/2021,40.5,45.4,50.5
5/6/2021,38,44.4,51.1
5/7/2021,31.4,39.4,47.5
5/8/2021,33,41.5,50.2
5/9/2021,36.7,43.4,49.7
5/10/2021,38.3,47.8,57.4
5/11/2021,32.5,40.7,49
5/12/2021,30.5,40.5,50.8
5/13/2021,30.9,44.6,58.3
5/14/2021,34.1,48.2,62.7
5/15/2021,41.6,54.2,67.2
5/16/2021,49.8,59.6,69.4
5/17/2021,48.8,59,69.1
5/18/2021,49.6,60.5,71.4
5/19/2021,60.1,70,79.8
5/20/2021,61.9,70,78.2
5/21/2021,62.3,72.8,83.6
5/22/2021,62.9,73,83.2
5/23/2021,62.9,72.2,81.8
5/24/2021,55.3,63.6,71.2
5/25/2021,59.4,71.7,83.5
5/26/2021,60.6,72.2,83.4
5/27/2021,45.7,59.3,72.5
5/28/2021,41.8,51.5,61.6
5/29/2021,36.5,44,51.7
5/30/2021,35.6,50.2,65.1
5/31/2021,46.4,55.4,64.1
6/1/2021,46.3,57.3,68.7
6/2/2021,48.9,60.6,72.6
6/3/2021,51.1,64.6,78.1
6/4/2021,58.1,68.5,79.7
6/5/2021,68.1,76,84.3
6/6/2021,71.7,78.3,86.1
6/7/2021,71.8,79.2,86.8
6/8/2021,65,71,76.8
6/9/2021,67.6,75.7,84.1
6/10/2021,67.5,76.1,84.6
6/11/2021,66.8,76.5,86.2
6/12/2021,64.5,75.8,87
6/13/2021,65.4,75.6,86.2
6/14/2021,61.1,71.1,81
6/15/2021,55.7,64.8,74.6
6/16/2021,50.5,61.6,73.6
6/17/2021,45.9,60,74.3
6/18/2021,58.3,70.7,83.2
6/19/2021,63.4,71.3,79.9
6/20/2021,57.4,68.1,78.8
6/21/2021,64.8,73.3,81.9
6/22/2021,42.8,54.2,65.8
6/23/2021,52.8,59.9,67.8
6/24/2021,58.8,65.1,71.8
6/25/2021,63.9,69.5,75.1
6/26/2021,66.5,69.9,73.3
6/27/2021,70.2,73.6,77.4
6/28/2021,61.5,70.5,79.6
6/29/2021,65.3,73.6,81.8
6/30/2021,68.8,74.2,79.5
7/1/2021,63.5,70.7,77.8
7/2/2021,54.7,65.7,76.7
7/3/2021,53.8,62.8,71.7
7/4/2021,61.4,68.9,76.5
7/5/2021,68.6,74.8,81
7/6/2021,70.8,78.5,86.2
7/7/2021,68.7,77.2,85.6
7/8/2021,63.4,73.2,83
7/9/2021,61.1,63.9,66.8
7/10/2021,52.1,62.9,73.6
7/11/2021,60.6,69,77.5
7/12/2021,64.2,68.7,73.1
7/13/2021,65.2,70.3,75.3
7/14/2021,65.4,69.9,74.5
7/15/2021,70.8,75.9,81
7/16/2021,61.6,67.9,74.1
7/17/2021,64.7,69.3,73.9
7/18/2021,57.3,68.7,80
7/19/2021,58.6,71,83.4
7/20/2021,61.5,71.1,80.7
7/21/2021,62.9,71,79
7/22/2021,57.4,67.3,77.3
7/23/2021,61.5,70.3,79.1
7/24/2021,68.9,76.3,83.6
7/25/2021,64.9,75.5,86.1
7/26/2021,61,72.2,83.5
7/27/2021,66.3,76.2,86.1
7/28/2021,65.6,74,82.4
7/29/2021,70.3,78.6,87
7/30/2021,57,68.1,79.3
7/31/2021,50.6,61.8,73.1
8/1/2021,57.1,65.6,74.1
8/2/2021,51.7,62.2,72.7
8/3/2021,51.6,63.3,75
8/4/2021,54.9,66.2,77.5
8/5/2021,56.9,68.5,80.1
8/6/2021,61.2,71.5,81.8
8/7/2021,65.4,72.3,79.3
8/8/2021,68.1,75.1,82
8/9/2021,70.6,79.2,87.8
8/10/2021,71.1,76.2,81.2
8/11/2021,67.9,78.2,88.5
8/12/2021,69.8,77.4,84.9
8/13/2021,70,76.5,83.1
8/14/2021,54.4,67.1,79.8
8/15/2021,51.8,65.5,79.2
8/16/2021,54,67.1,80.2
8/17/2021,57.3,68.4,79.5
8/18/2021,62.8,72.9,82.9
8/19/2021,64.8,75.8,86.7
8/20/2021,64.1,75.8,87.5
8/21/2021,67.7,77.4,87.1
8/22/2021,69.9,79.1,88.2
8/23/2021,59.1,71.7,84.3
8/24/2021,63.7,73.5,83.4
8/25/2021,67.6,78.7,89.8
8/26/2021,69.2,77.2,85.2
8/27/2021,68.7,78.3,87.8
8/28/2021,71,79.5,88
8/29/2021,72.9,81.4,90
8/30/2021,62.4,75.4,88.5
8/31/2021,56.5,68.7,81
9/1/2021,58.2,70.1,82
9/2/2021,50,65,79.9
9/3/2021,52.8,65.7,78.5
9/4/2021,56.9,67.4,78
9/5/2021,57.1,65.1,73.1
9/6/2021,54.1,65.8,77.4
9/7/2021,53.4,63.8,74.2
9/8/2021,62,73,84
9/9/2021,50.3,62.1,73.8
9/10/2021,49.2,60.7,72.2
9/11/2021,53.8,65.1,76.4
9/12/2021,61.1,71.4,81.6
9/13/2021,63.8,71.5,79.1
9/14/2021,63.6,69.5,75.5
9/15/2021,58.3,70.7,83.1
9/16/2021,48.5,61.6,74.7
9/17/2021,51.3,65.3,79.4
9/18/2021,60.2,71.7,83.2
9/19/2021,57.1,69.3,81.4
9/20/2021,58.7,72.8,87
9/21/2021,68.1,73.4,78.7
9/22/2021,53.7,61.9,70.1
9/23/2021,48.3,55.2,62.2
9/24/2021,45.1,50.3,55.6
9/25/2021,50.7,62.5,74.2
9/26/2021,49.7,57.1,64.5
9/27/2021,52.8,64.6,76.3
9/28/2021,52.1,63.8,75.5
9/29/2021,47.5,60.4,73.2
9/30/2021,48.6,63,77.3
10/1/2021,51,64,77
10/2/2021,55.2,67.7,80.1
10/3/2021,61.8,68.9,76
10/4/2021,64.4,68.7,73
10/5/2021,62.3,66.5,70.7
10/6/2021,56.4,64.1,71.8
10/7/2021,58.1,63.9,69.7
10/8/2021,63.6,67.3,70.9
10/9/2021,57.2,65.3,73.4
10/10/2021,60.5,67.3,74.2
10/11/2021,68.2,72.3,76.5
10/12/2021,61.8,70.3,78.8
10/13/2021,57.2,61.6,65.9
10/14/2021,56.6,63.7,70.7
10/15/2021,51.7,60.8,70
10/16/2021,50.3,58.7,67.1
10/17/2021,50.4,53.7,57
10/18/2021,42.9,53,63.1
10/19/2021,45.4,56.7,68
10/20/2021,47.4,58.9,70.5
10/21/2021,50.5,60.4,70.3
10/22/2021,41.4,50,58.6
10/23/2021,40.7,45.9,51.2
10/24/2021,32.2,41.9,51.6
10/25/2021,34.5,42.1,49.8
10/26/2021,36.3,43.2,50
10/27/2021,31.6,42.7,53.9
10/28/2021,32.7,42.3,52
10/29/2021,49.7,55.3,61
10/30/2021,50.4,52.9,55.5
10/31/2021,40.2,47.6,54.9
11/1/2021,40.3,47.7,55.1
11/2/2021,40.8,43.8,46.9
11/3/2021,30,36.8,43.7
11/4/2021,31,39,46.9
11/5/2021,35.3,41.1,46.9
11/6/2021,32,41.7,51.5
11/7/2021,36.4,45.8,55.3
11/8/2021,39.2,50.9,62.7
11/9/2021,41.6,51.1,60.5
11/10/2021,27.1,42.9,58.7
11/11/2021,27.8,41.7,55.6
11/12/2021,39.1,48.9,58.7
11/13/2021,33.5,38.5,43.5
11/14/2021,32.6,37.1,41.6
11/15/2021,32.9,36.6,40.3
11/16/2021,30.3,34.5,38.7
11/17/2021,30.5,44.6,58.6
11/18/2021,37.7,48.9,60.1
11/19/2021,32.4,34.9,37.3
11/20/2021,31,35.5,40
11/21/2021,32.5,38.3,44.2
11/22/2021,31.2,40.9,50.7
11/23/2021,21.1,28.3,35.5
11/24/2021,21,31.7,42.4
11/25/2021,36.7,43.8,51
11/26/2021,26.8,36.7,46.6
11/27/2021,24.5,28,31.6
11/28/2021,27.4,32.1,36.8
11/29/2021,26.8,32.1,37.5
11/30/2021,26,33.1,40.1
12/1/2021,29.7,37,44.3
12/2/2021,34,42.6,51.1
12/3/2021,34.2,42.7,51.3
12/4/2021,33.1,36.6,40.1
12/5/2021,32.6,36.9,41.1
12/6/2021,31.7,36.8,42
12/7/2021,19.1,27.2,35.3
12/8/2021,18.9,22.6,26.3
12/9/2021,22.8,26.3,29.8
12/10/2021,27.6,34.8,41.9
12/11/2021,34.9,46.9,58.9
12/12/2021,35.1,44.9,54.7
12/13/2021,37,41.9,46.7
12/14/2021,26.2,36.2,46.3
12/15/2021,32.2,41.2,50.2
12/16/2021,49.3,56.9,64.5
12/17/2021,32,43.4,54.8
12/18/2021,29.4,34.4,39.3
12/19/2021,29.8,32.2,34.6
12/20/2021,30,32.2,34.5
12/21/2021,22.8,31.5,40.2
12/22/2021,21.7,31.1,40.5
12/23/2021,22.2,24.6,27
12/24/2021,27.2,34.1,41.1
12/25/2021,34.4,44,53.7
12/26/2021,23.1,34.2,45.3
12/27/2021,22.7,30.5,38.2
12/28/2021,30.5,35.8,41.1
12/29/2021,29.6,31.9,34.2
12/30/2021,25.9,31.5,37
12/31/2021,26.9,32.1,37.2
1/1/2022,32.9,36.9,40.8
1/2/2022,17.3,25.3,33.2
1/3/2022,16.1,20.5,25
1/4/2022,18.3,23.6,29
1/5/2022,20.5,28.5,36.5
1/6/2022,17.7,25.7,33.7
1/7/2022,10.6,17.1,23.5
1/8/2022,6.9,14.2,21.6
1/9/2022,10.8,23.3,35.8
1/10/2022,15.6,24.3,33
1/11/2022,9.4,12.7,16.1
1/12/2022,11.4,24.5,37.6
1/13/2022,30.5,34.9,39.2
1/14/2022,27.1,32.3,37.5
1/15/2022,9.6,18.4,27.2
1/16/2022,2.5,11.6,20.7
1/17/2022,3.9,16.6,29.3
1/18/2022,26.3,28.9,31.4
1/19/2022,27.7,34.8,41.9
1/20/2022,13.9,24.6,35.3
1/21/2022,12,16.1,20.1
1/22/2022,10.5,17,23.6
1/23/2022,16.4,22.6,28.8
1/24/2022,13.5,18.3,23.1
1/25/2022,14.7,19.9,25.1
1/26/2022,9.9,14.4,18.9
1/27/2022,4.3,11.4,18.6
1/28/2022,8.6,19.6,30.6
1/29/2022,6.1,13.5,20.8
1/30/2022,8.1,14.6,21.1
1/31/2022,10.4,19,27.6
2/1/2022,23.8,27.5,31.1
2/2/2022,26.8,37,47.2
2/3/2022,17.6,22.1,26.5
2/4/2022,2.2,11.5,20.8
2/5/2022,1.8,10.9,19.9
2/6/2022,9.2,17,24.9
2/7/2022,17.5,25.8,34.1
2/8/2022,21,25.4,29.7
2/9/2022,19.5,28.3,37.2
2/10/2022,29.1,33.4,37.8
2/11/2022,26.1,30.9,35.7
2/12/2022,18.9,28.7,38.5
2/13/2022,13.7,17.5,21.3
2/14/2022,4,12.5,21.1
2/15/2022,10.8,15.8,20.8
2/16/2022,18.6,33,47.5
2/17/2022,32.6,41,49.4
2/18/2022,17.2,24.7,32.3
2/19/2022,12.6,21.9,31.3
2/20/2022,12.1,17.5,22.9
2/21/2022,24.5,35,45.5
2/22/2022,31.8,38,44.2
2/23/2022,21.6,33.2,44.7
2/24/2022,16.9,20.7,24.5
2/25/2022,15.8,21.7,27.6
2/26/2022,16,22,27.9
2/27/2022,22.9,27.7,32.6
2/28/2022,22.5,28.6,34.7
3/1/2022,24.9,34.7,44.5
3/2/2022,23.1,32.8,42.5
3/3/2022,20,30,40
3/4/2022,17.4,24.3,31.3
3/5/2022,20,30.6,41.3
3/6/2022,36.4,51.9,67.3
3/7/2022,31.3,35.4,39.6
3/8/2022,30.4,32.6,34.7
3/9/2022,26,30.6,35.3
3/10/2022,24,30.4,36.8
3/11/2022,19.1,24.7,30.3
3/12/2022,15.7,23.4,31.2
3/13/2022,14.3,18.2,22.2
3/14/2022,20.7,31.1,41.5
3/15/2022,34.1,44.3,54.4
3/16/2022,29.3,40.3,51.3
3/17/2022,35.7,51.1,66.5
3/18/2022,43.7,52.9,62
3/19/2022,38.9,44.5,50
3/20/2022,31.5,36.3,41.1
3/21/2022,30.9,42,53.2
3/22/2022,34.5,51,67.6
3/23/2022,41.5,44.6,47.7
3/24/2022,42.2,46.8,51.3
3/25/2022,33.7,38.2,42.6
3/26/2022,30.5,38,45.5
3/27/2022,24.3,27.7,31.2
3/28/2022,17.6,22.9,28.3
3/29/2022,18.5,24.5,30.6
3/30/2022,22.6,32,41.5
3/31/2022,37,47,57.1
4/1/2022,30.2,33.3,36.4
4/2/2022,26.1,31.1,36
4/3/2022,29.9,35.5,41.2
4/4/2022,35.1,40.5,46
4/5/2022,33.7,41.8,49.9
4/6/2022,38,47.6,57.2
4/7/2022,40.1,46.8,53.5
4/8/2022,37.9,40.2,42.6
4/9/2022,30.5,35.8,41.1
4/10/2022,25.7,32.6,39.4
4/11/2022,30.5,45.2,59.9
4/12/2022,33.1,44.4,55.8
4/13/2022,40.1,54.2,68.4
4/14/2022,36.6,52,67.4
4/15/2022,38.1,42.4,46.7
4/16/2022,28.5,36.4,44.3
4/17/2022,27.9,32.7,37.5
4/18/2022,30.9,38.1,45.4
4/19/2022,31.5,34.1,36.8
4/20/2022,29.1,35.4,41.7
4/21/2022,35.4,43,50.7
4/22/2022,37.5,49.1,60.6
4/23/2022,44.6,47.8,50.9
4/24/2022,52.8,67.4,82
4/25/2022,49.4,60.6,71.8
4/26/2022,38.3,44.9,51.5
4/27/2022,31.3,35.8,40.3
4/28/2022,32.2,36.5,40.9
4/29/2022,37.7,44.6,51.5
4/30/2022,45.9,54.6,63.3
5/1/2022,49.8,54.9,59.9
5/2/2022,45.8,51.1,56.4
5/3/2022,44,47.4,50.8
5/4/2022,41.9,46.6,51.4
5/5/2022,38.9,48.1,57.4
5/6/2022,46.1,52.9,59.7
5/7/2022,45.2,52.8,60.3
5/8/2022,41.5,54.2,66.9
5/9/2022,48.3,57.8,67.2
5/10/2022,56.5,67.3,78.1
5/11/2022,67.8,76.6,85.4
5/12/2022,65.1,76.8,88.6
5/13/2022,59.1,73.7,88.3
5/14/2022,61.4,74.3,87.2
5/15/2022,51.4,63.9,76.5
5/16/2022,51.4,60.8,70.3
5/17/2022,44.9,57.6,70.3
5/18/2022,47.2,54.4,61.6
5/19/2022,48.9,52.5,56.2
5/20/2022,52.9,64.3,75.8
5/21/2022,55.1,69.8,84.4
5/22/2022,48.1,54.4,60.8
5/23/2022,38.6,47.4,56.3
5/24/2022,46.5,55,63.6
5/25/2022,52.2,59.5,66.8
5/26/2022,56.3,63.7,71.2
5/27/2022,57.9,66.6,75.3
5/28/2022,45,55.2,65.3
5/29/2022,54,61.4,68.9
5/30/2022,64.3,73.5,82.6
5/31/2022,71,79.1,87.1
6/1/2022,64.9,75.2,85.5
6/2/2022,50.4,59.1,67.9
6/3/2022,50.8,60.3,69.8
6/4/2022,43.2,58,72.8
6/5/2022,53.8,61.5,69.2
6/6/2022,55.9,63.9,71.9
6/7/2022,55.7,64.5,73.2
6/8/2022,48.4,57.3,66.2
6/9/2022,51.2,58.7,66.2
6/10/2022,50.7,59.9,69
6/11/2022,54.5,64.3,74.2
6/12/2022,58.5,65.2,71.9
6/13/2022,57.3,66,74.7
6/14/2022,67.3,76.5,85.7
6/15/2022,71.9,82.3,92.8
6/16/2022,68.5,80,91.6
6/17/2022,61.6,74.3,87
6/18/2022,50.3,63.4,76.5
6/19/2022,48.9,60.3,71.7
6/20/2022,59.4,68.2,77
6/21/2022,67,76.4,85.8
6/22/2022,70.6,81.4,92.3
6/23/2022,56,68.4,80.7
6/24/2022,55.2,67.5,79.8
6/25/2022,60.9,73.5,86
6/26/2022,67.6,74.2,80.7
6/27/2022,51.4,62.9,74.3
6/28/2022,48.5,58.6,68.8
6/29/2022,58.6,69.5,80.3
6/30/2022,62.7,71.2,79.7
7/1/2022,72.3,79.8,87.4
7/2/2022,55.4,67.6,79.8
7/3/2022,58,68.8,79.5
7/4/2022,60.4,71.1,81.8
7/5/2022,68.4,78.2,88
7/6/2022,70,76.1,82.2
7/7/2022,62.5,72.3,82
7/8/2022,65.9,74.6,83.2
7/9/2022,57.6,70.2,82.8
7/10/2022,50.9,66.3,81.7
7/11/2022,60.7,69.6,78.6
7/12/2022,65.5,72.2,78.9
7/13/2022,61.1,68.8,76.4
7/14/2022,59.2,67.6,76
7/15/2022,55.4,67.4,79.3
7/16/2022,64.2,68.3,72.4
7/17/2022,66.6,74.8,82.9
7/18/2022,62.6,70.8,79.1
7/19/2022,67.9,74.9,81.8
7/20/2022,72.4,78.6,84.9
7/21/2022,68.9,76,83.1
7/22/2022,65.6,74.9,84.3
7/23/2022,69.9,76.9,84
7/24/2022,67.4,76,84.5
7/25/2022,57.7,68.1,78.5
7/26/2022,55.6,64.1,72.6
7/27/2022,60.5,69.7,78.9
7/28/2022,65.1,72.1,79.1
7/29/2022,57.7,66.6,75.5
7/30/2022,56.5,65.8,75
7/31/2022,59.1,69.2,79.2
8/1/2022,64.8,73.6,82.4
8/2/2022,62.4,71.5,80.5
8/3/2022,66.6,75.1,83.7
8/4/2022,71.5,78.7,85.8
8/5/2022,64.9,73,81.1
8/6/2022,68.7,78.2,87.6
8/7/2022,73.7,80.9,88
8/8/2022,73,77.5,81.9
8/9/2022,56.9,67.7,78.5
8/10/2022,54.2,66.2,78.1
8/11/2022,60.8,69.7,78.5
8/12/2022,50.5,65.5,80.5
8/13/2022,52.9,64.2,75.6
8/14/2022,56.9,59.9,62.9
8/15/2022,59.7,64.7,69.7
8/16/2022,55.7,67.8,79.8
8/17/2022,56.8,69.7,82.6
8/18/2022,55.8,68.9,82
8/19/2022,58.6,68.1,77.7
8/20/2022,63.9,73.4,82.8
8/21/2022,63.4,70.8,78.2
8/22/2022,62.1,70,77.8
8/23/2022,52.2,65.7,79.1
8/24/2022,56.5,67.5,78.5
8/25/2022,61.2,72.1,82.9
8/26/2022,63.8,69.1,74.4
8/27/2022,54.3,65.7,77.2
8/28/2022,59.2,70.4,81.6
8/29/2022,65.7,76.9,88.1
8/30/2022,67.7,75.9,84
8/31/2022,61.8,68.2,74.6
9/1/2022,61.6,69.8,78
9/2/2022,64.6,74.8,84.9
9/3/2022,63.3,73.4,83.5
9/4/2022,65,73.5,82
9/5/2022,59.2,64.1,68.9
9/6/2022,60,66,72.1
9/7/2022,55.7,66.7,77.8
9/8/2022,53.4,65.9,78.4
9/9/2022,55.4,67,78.5
9/10/2022,58.4,69.9,81.3
9/11/2022,59.8,70.5,81.2
9/12/2022,59.3,64.4,69.5
9/13/2022,50.9,57.3,63.6
9/14/2022,52.6,62.6,72.6
9/15/2022,53.3,64.1,75
9/16/2022,57.2,67.2,77.3
9/17/2022,59.7,69.4,79
9/18/2022,64.3,73.2,82.1
9/19/2022,65.1,72.9,80.7
9/20/2022,52.9,64.7,76.4
9/21/2022,59.5,68.1,76.7
9/22/2022,53.3,65.4,77.5
9/23/2022,38.1,50.3,62.4
9/24/2022,40.4,52.1,63.7
9/25/2022,52.1,57.4,62.6
9/26/2022,53.2,58.3,63.5
9/27/2022,47.3,52.6,58
9/28/2022,45.3,50.5,55.8
9/29/2022,40.9,48.8,56.8
9/30/2022,38.6,50.6,62.6
10/1/2022,39.3,52.8,66.3
10/2/2022,43.4,57.2,71
10/3/2022,33.6,50.2,66.8
10/4/2022,34.4,50.6,66.7
10/5/2022,38.6,52.7,66.8
10/6/2022,44.7,57.7,70.7
10/7/2022,39.5,53.4,67.4
10/8/2022,37,44.6,52.2
10/9/2022,43.3,48.9,54.5
10/10/2022,41.3,51.7,62.1
10/11/2022,41.4,55.7,70.1
10/12/2022,45.3,59.4,73.5
10/13/2022,44.8,55.3,65.8
10/14/2022,37.5,45.3,53.2
10/15/2022,41.7,48.1,54.5
10/16/2022,39,46.2,53.4
10/17/2022,39,45.6,52.1
10/18/2022,36.6,41.7,46.8
10/19/2022,37.9,39.9,41.8
10/20/2022,38.2,41.1,44
10/21/2022,35.7,43.7,51.7
10/22/2022,39.9,55.6,71.4
10/23/2022,54.4,65.7,77.1
10/24/2022,57.1,66.9,76.8
10/25/2022,57.6,66.7,75.9
10/26/2022,46,55,64
10/27/2022,31.8,39.8,47.8
10/28/2022,32.4,43.6,54.8
10/29/2022,32.3,46.4,60.4
10/30/2022,32.9,48.8,64.7
10/31/2022,37.6,49.9,62.2
11/1/2022,47.8,53.6,59.5
11/2/2022,38.4,51.3,64.1
11/3/2022,39.8,54.3,68.8
11/4/2022,50.9,61.3,71.7
11/5/2022,59.4,64.3,69.2
11/6/2022,43.3,54.4,65.6
11/7/2022,45.3,54,62.8
11/8/2022,36.1,42.6,49.2
11/9/2022,37.5,46,54.5
11/10/2022,42.6,51.8,61.1
11/11/2022,48.3,61.8,75.3
11/12/2022,36.2,43.9,51.7
11/13/2022,30.7,34.6,38.4
11/14/2022,31.2,33,34.8
11/15/2022,28.2,32.3,36.3
11/16/2022,28,30.8,33.6
11/17/2022,27,32.5,37.9
11/18/2022,27.7,31,34.4
11/19/2022,23.5,26.6,29.8
11/20/2022,20.5,23.7,26.9
11/21/2022,21.6,27.1,32.7
11/22/2022,22,32,42
11/23/2022,22.2,33.1,44
11/24/2022,27.2,39.5,51.9
11/25/2022,33.7,42.3,51
11/26/2022,33.2,39.6,46
11/27/2022,35.4,43.8,52.2
11/28/2022,30.1,37.6,45
11/29/2022,30,36.8,43.5
11/30/2022,32.1,44.2,56.3
12/1/2022,27.5,29.5,31.4
12/2/2022,28.9,33.3,37.7
12/3/2022,36.2,44.6,53
12/4/2022,25.9,30.8,35.7
12/5/2022,27.4,33,38.6
12/6/2022,29.6,36.1,42.6
12/7/2022,33,38.6,44.3
12/8/2022,31.9,38.6,45.3
12/9/2022,28.5,32.9,37.3
12/10/2022,29.4,31.6,33.7
12/11/2022,31.9,33.8,35.6
12/12/2022,34,36.9,39.8
12/13/2022,33.1,34.6,36.2
12/14/2022,32,34,36.1
12/15/2022,35,38.8,42.6
12/16/2022,30.6,35.1,39.7
12/17/2022,27.8,30.5,33.2
12/18/2022,27.3,28.3,29.3
12/19/2022,23.4,25.8,28.3
12/20/2022,23,25.8,28.5
12/21/2022,20.9,27.2,33.5
12/22/2022,19.2,24.4,29.5
12/23/2022,6,20.5,35
12/24/2022,4.9,9.3,13.7
12/25/2022,12.9,15.2,17.6
12/26/2022,15.7,18.4,21.1
12/27/2022,16,20.5,24.9
12/28/2022,20.6,24.2,27.8
12/29/2022,26.5,37.2,47.9
12/30/2022,44.4,51.3,58.2
12/31/2022,36.6,45.1,53.6
1/1/2023,32,35,37.9
1/2/2023,35.3,38.6,41.8
1/3/2023,35,37.3,39.5
1/4/2023,38.6,42.9,47.1
1/5/2023,33.6,38.7,43.7
1/6/2023,33.1,34.4,35.7
1/7/2023,31.1,33.2,35.3
1/8/2023,29.6,31.9,34.2
1/9/2023,29.1,31.1,33.1
1/10/2023,30.4,35.3,40.2
1/11/2023,33.5,37.7,42
1/12/2023,35.6,43.4,51.2
1/13/2023,30.5,35.1,39.8
1/14/2023,24,28.8,33.6
1/15/2023,23.1,27.2,31.4
1/16/2023,24.5,32.8,41.2
1/17/2023,37.3,42.5,47.7
1/18/2023,37.3,40.5,43.7
1/19/2023,34.9,37.4,39.9
1/20/2023,33.4,37.3,41.2
1/21/2023,30.5,32.7,34.9
1/22/2023,30.5,31.4,32.3
1/23/2023,29.8,31.7,33.7
1/24/2023,26.8,30.1,33.3
1/25/2023,30.1,31.7,33.2
1/26/2023,28.3,30.5,32.6
1/27/2023,18.7,26.4,34.1
1/28/2023,15.2,25.6,36
1/29/2023,24.4,26.8,29.2
1/30/2023,20.5,24.8,29.1
1/31/2023,11.5,16,20.5
2/1/2023,9.5,15.3,21.2
2/2/2023,16.1,22.9,29.7
2/3/2023,10.6,22,33.4
2/4/2023,9.9,12.9,15.9
2/5/2023,13.8,26.4,39.1
2/6/2023,27.9,33.6,39.2
2/7/2023,24.3,35.9,47.5
2/8/2023,26.1,36.3,46.4
2/9/2023,25.1,33.8,42.5
2/10/2023,34.9,40.2,45.5
2/11/2023,21.3,28.4,35.5
2/12/2023,22.9,32.8,42.7
2/13/2023,29.5,37.9,46.3
2/14/2023,27.8,33.9,40
2/15/2023,30.7,42.9,55.2
2/16/2023,34.5,42.3,50.1
2/17/2023,19.5,27.3,35.1
2/18/2023,18.4,24.4,30.4
2/19/2023,30.4,35.5,40.6
2/20/2023,27.7,37.6,47.4
2/21/2023,26.6,34.6,42.5
2/22/2023,26.2,29.7,33.2
2/23/2023,28.8,30.5,32.1
2/24/2023,25.3,31.9,38.5
2/25/2023,24,25.9,27.7
2/26/2023,27.6,31,34.4
2/27/2023,26.3,32.3,38.4
2/28/2023,34.4,36.2,37.9
3/1/2023,33.6,37.3,41
3/2/2023,31.4,39.8,48.3
3/3/2023,27.6,33.1,38.6
3/4/2023,30.4,33,35.6
3/5/2023,30.6,37,43.4
3/6/2023,30.4,38.9,47.4
3/7/2023,31.3,37.4,43.4
3/8/2023,27,36.8,46.7
3/9/2023,28.5,36.9,45.4
3/10/2023,29.5,36.2,42.8
3/11/2023,25.9,32.8,39.8
3/12/2023,25.9,33.2,40.6
3/13/2023,28.1,31.1,34.2
3/14/2023,24.1,27.5,30.8
3/15/2023,19.2,27.1,34.9
3/16/2023,20.9,32.9,44.9
3/17/2023,36,43.1,50.2
3/18/2023,17.6,26.7,35.8
3/19/2023,16.1,21,26
3/20/2023,26,30.8,35.6
3/21/2023,32.6,40.1,47.7
3/22/2023,35.2,44.7,54.2
3/23/2023,38.5,43.5,48.5
3/24/2023,32.6,38.3,43.9
3/25/2023,32.9,39.4,45.9
3/26/2023,29.3,33.6,37.9
3/27/2023,30.6,38.7,46.7
3/28/2023,26.7,36.4,46.1
3/29/2023,28.5,36.2,43.9
3/30/2023,19.1,29.2,39.3
3/31/2023,22.3,35.1,48
4/1/2023,41.2,51,60.8
4/2/2023,25.4,32.7,40.1
4/3/2023,28.7,39.8,50.8
4/4/2023,43.3,49.4,55.5
4/5/2023,45,56.6,68.1
4/6/2023,34.9,52.4,69.9
4/7/2023,29.9,37.3,44.6
4/8/2023,32,40.7,49.3
4/9/2023,36.5,46.7,56.8
4/10/2023,40.3,51.9,63.4
4/11/2023,46.7,55.7,64.8
4/12/2023,53.4,62.4,71.3
4/13/2023,57.6,66.7,75.8
4/14/2023,47.8,62.4,77
4/15/2023,54.1,67.6,81.1
4/16/2023,57.8,68.8,79.8
4/17/2023,32.6,48.8,65
4/18/2023,32.2,34.1,36
4/19/2023,31.3,38.4,45.4
4/20/2023,35,47.4,59.8
4/21/2023,42.7,58.9,75.1
4/22/2023,42.1,49.4,56.7
4/23/2023,36.3,40.6,44.8
4/24/2023,35.7,39.2,42.7
4/25/2023,33,40.1,47.2
4/26/2023,30.6,38.3,46
4/27/2023,28.2,37.4,46.7
4/28/2023,36.8,49,61.1
4/29/2023,43.1,51.6,60
4/30/2023,40.2,49.9,59.7
5/1/2023,35.6,41.8,47.6
5/2/2023,36.6,38.7,40.7
5/3/2023,38.5,41.1,43.6
5/4/2023,37.5,42.5,47.4
5/5/2023,42.6,52.7,62.8
5/6/2023,53.6,63.7,73.8
5/7/2023,56.8,62.3,67.9
5/8/2023,50.8,60.8,70.5
5/9/2023,43.6,52.2,60.8
5/10/2023,42.9,56.6,69.9
5/11/2023,46.7,59.6,72.4
5/12/2023,54.3,66.8,79.1
5/13/2023,61.4,69.5,77.6
5/14/2023,57.5,64.9,72.3
5/15/2023,41.4,54,66.6
5/16/2023,39.6,54.1,68.4
5/17/2023,42,55.3,68.2
5/18/2023,41.9,52.5,62.7
5/19/2023,47.3,58.4,69.1
5/20/2023,44.9,55.1,65.1
5/21/2023,43.8,52.4,60.5
5/22/2023,42.9,56.5,69.5
5/23/2023,50,64,77.7
5/24/2023,49.3,64.5,79.2
5/25/2023,44.2,58.7,72.8
5/26/2023,35.4,52.1,67.7
5/27/2023,40.4,56.8,72.3
5/28/2023,45.9,62.2,78
5/29/2023,48.1,64.5,80.3
5/30/2023,54,69.3,84
5/31/2023,64.2,76.5,88.4
6/1/2023,61.2,75.9,90.6
6/2/2023,62.3,76,89.7
6/3/2023,58.7,74.2,89.8
6/4/2023,57,73.6,90.1
6/5/2023,52.5,68.1,83.7
6/6/2023,54.6,66.2,77.9
6/7/2023,46.1,61.8,77.5
6/8/2023,44.7,58.4,72.1
6/9/2023,45.4,58.2,71
6/10/2023,48.8,60.1,71.4
6/11/2023,59.6,69.8,79.9
6/12/2023,50.7,57.3,64
6/13/2023,50.3,55.5,60.8
6/14/2023,50.5,56.7,62.9
6/15/2023,49.3,57.4,65.4
6/16/2023,53,61.8,70.6
6/17/2023,46.7,57.4,68.2
6/18/2023,49.2,61.9,74.7
6/19/2023,56.7,69.9,83.2
6/20/2023,59.4,73,86.6
6/21/2023,62.7,76.4,90.1
6/22/2023,62.1,76.4,90.7
6/23/2023,61.3,73.6,85.9
6/24/2023,59.6,70.5,81.5
6/25/2023,64.4,74.1,83.8
6/26/2023,64.5,74.8,85.2
6/27/2023,58.3,62.5,66.7
6/28/2023,50.7,60.1,69.6
6/29/2023,57.8,68.7,79.7
6/30/2023,66.9,76.7,86.4
7/1/2023,65.3,74.1,83
7/2/2023,68,73.8,79.6
7/3/2023,64,70.1,76.1
7/4/2023,58.2,69.1,80.1
7/5/2023,65.7,76.3,86.9
7/6/2023,67.7,78.2,88.7
7/7/2023,55.9,66.3,76.8
7/8/2023,63,71.6,80.1
7/9/2023,53.7,63.4,73.2
7/10/2023,56.4,66.8,77.1
7/11/2023,65.1,73.6,82
7/12/2023,57.6,67.2,76.7
7/13/2023,60.2,67.8,75.5
7/14/2023,59.8,65.8,71.7
7/15/2023,65.7,74.3,83
7/16/2023,63.6,70.9,78.1
7/17/2023,61,68.5,76
7/18/2023,56.1,64.5,72.8
7/19/2023,54.2,65.1,76.1
7/20/2023,60.2,70.6,80.9
7/21/2023,62.3,71.3,80.2
7/22/2023,55.5,65.9,76.3
7/23/2023,60.7,70.3,79.8
7/24/2023,59,67.4,75.8
7/25/2023,59.4,69.2,79.1
7/26/2023,64,74.3,84.7
7/27/2023,65.8,72.7,79.5
7/28/2023,68.7,78.4,88.2
7/29/2023,68.5,77.4,86.3
7/30/2023,62.2,71.4,80.7
7/31/2023,54.3,66.3,78.3
8/1/2023,53.7,65.3,77
8/2/2023,59,69.1,79.2
8/3/2023,61.9,71.2,80.6
8/4/2023,63.3,71.6,80
8/5/2023,63.6,73.1,82.6
8/6/2023,61.5,70.4,79.2
8/7/2023,61,62.8,64.6
8/8/2023,59.8,68.2,76.6
8/9/2023,61.3,69.6,77.8
8/10/2023,61.9,69.1,76.4
8/11/2023,58,67.2,76.4
8/12/2023,63.4,72.4,81.5
8/13/2023,59.8,67.9,76.1
8/14/2023,63.3,69.9,76.5
8/15/2023,61.3,68.6,76
8/16/2023,51.1,62.8,74.6
8/17/2023,59.4,68,76.5
8/18/2023,54.1,64,73.8
8/19/2023,51.7,61.7,71.8
8/20/2023,56,67,78
8/21/2023,64.5,73,81.6
8/22/2023,63.8,73.5,83.1
8/23/2023,64.6,71.4,78.3
8/24/2023,73.9,81.9,89.9
8/25/2023,69.7,80.8,92
8/26/2023,63.6,71.3,78.9
8/27/2023,53,65.8,78.5
8/28/2023,48.6,62,75.4
8/29/2023,53,63.5,73.9
8/30/2023,55.2,65.2,75.2
8/31/2023,45.1,57.9,70.8
9/1/2023,47.9,61,74.1
9/2/2023,51.7,64.5,77.2
9/3/2023,60.3,70,79.7
9/4/2023,68.9,77.6,86.2
9/5/2023,71.5,79.5,87.4
9/6/2023,73.7,82.2,90.8
9/7/2023,64.9,72.6,80.4
9/8/2023,58.5,64.8,71
9/9/2023,49.4,57.9,66.4
9/10/2023,49,60.4,71.8
9/11/2023,51.4,62.6,73.7
9/12/2023,56.3,60.7,65.2
9/13/2023,48,57.5,67
9/14/2023,45.1,55.5,65.9
9/15/2023,46,57.6,69.2
9/16/2023,49.7,60.8,71.9
9/17/2023,53.3,61.6,69.8
9/18/2023,49.4,58.2,66.9
9/19/2023,46,56.1,66.1
9/20/2023,50.3,57.7,65.2
9/21/2023,57.9,68.2,78.6
9/22/2023,58.5,69.6,80.8
9/23/2023,56.2,69.1,82
9/24/2023,50.5,63,75.6
9/25/2023,51.3,63.4,75.5
9/26/2023,55.6,63.4,71.3
9/27/2023,60.3,66.8,73.4
9/28/2023,59.3,62.8,66.3
9/29/2023,58.4,61.3,64.2
9/30/2023,51.2,59.9,68.7
10/1/2023,52.8,65.2,77.6
10/2/2023,57.2,68.5,79.8
10/3/2023,57.1,68.8,80.6
10/4/2023,58,70.5,83
10/5/2023,63.6,72.7,81.8
10/6/2023,54.4,60.4,66.4
10/7/2023,43.8,52.2,60.7
10/8/2023,37.4,45.5,53.7
10/9/2023,37.9,45.6,53.4
10/10/2023,41.9,47.8,53.7
10/11/2023,44.6,48.3,52.1
10/12/2023,45.3,52.4,59.6
10/13/2023,47.5,52.1,56.7
10/14/2023,46.9,48.7,50.5
10/15/2023,43.3,49,54.7
10/16/2023,43.9,49.3,54.8
10/17/2023,36,43.9,51.8
10/18/2023,39.6,47.6,55.6
10/19/2023,41.4,53.7,66.1
10/20/2023,51.9,54.2,56.5
10/21/2023,35.8,44.5,53.1
10/22/2023,37.5,43.2,49
10/23/2023,32.6,42.5,52.4
10/24/2023,35.1,48.4,61.7
10/25/2023,58.4,67.1,75.8
10/26/2023,58.5,61.4,64.3
10/27/2023,61.6,65.5,69.4
10/28/2023,46.5,56.8,67.1
10/29/2023,43,47.5,52.1
10/30/2023,36.8,42.3,47.9
10/31/2023,35.9,38.6,41.3
11/1/2023,25.1,31.6,38.1
11/2/2023,27.8,35.5,43.3
11/3/2023,38,45,52.1
11/4/2023,41.4,48.4,55.4
11/5/2023,31.4,43.4,55.5
11/6/2023,35,45.1,55.2
11/7/2023,48.4,55.7,62.9
11/8/2023,38.8,43.7,48.6
11/9/2023,38.7,43.9,49.1
11/10/2023,43.3,48,52.7
11/11/2023,33.7,41.1,48.5
11/12/2023,33,41.3,49.6
11/13/2023,38.4,46.3,54.2
11/14/2023,29.6,42.3,54.9
11/15/2023,29.5,44.5,59.5
11/16/2023,34.2,45.1,56
11/17/2023,38.9,51.8,64.6
11/18/2023,26.1,38,49.9
11/19/2023,28.8,39.3,49.7
11/20/2023,32.4,42,51.6
11/21/2023,35.2,39.2,43.1
11/22/2023,34.5,38.2,41.8
11/23/2023,35.9,40.1,44.3
11/24/2023,25.7,36.6,47.5
11/25/2023,22.4,28,33.7
11/26/2023,23.9,30.2,36.4
11/27/2023,28.4,32.2,35.9
11/28/2023,20.6,24.9,29.3
11/29/2023,19.4,24.2,29.1
11/30/2023,23.7,32.3,40.9
12/1/2023,32,41.1,50.2
12/2/2023,34.3,36.4,38.6
12/3/2023,34.4,36.1,37.9
12/4/2023,32.1,36.4,40.7
12/5/2023,32.5,35.6,38.8
12/6/2023,33.4,36.5,39.6
12/7/2023,34.5,38.3,42.2
12/8/2023,36.7,41.7,46.7
12/9/2023,43.1,49.4,55.7
12/10/2023,37.2,47.2,57.2
12/11/2023,31.8,35.2,38.5
12/12/2023,29.5,34.7,39.9
12/13/2023,29.2,34.2,39.3
12/14/2023,29,34.7,40.5
12/15/2023,34.5,40.6,46.7
12/16/2023,33.7,42.5,51.3
12/17/2023,41.1,46,50.8
12/18/2023,33.4,39.4,45.3
12/19/2023,28.3,31.8,35.3
12/20/2023,27.6,30.8,34
12/21/2023,26.7,32,37.4
12/22/2023,29,34.2,39.4
12/23/2023,38.3,40.5,42.8
12/24/2023,41,43.7,46.5
12/25/2023,45.3,48.9,52.5
12/26/2023,46.4,51.6,56.7
12/27/2023,33,39.8,46.5
12/28/2023,32,38.3,44.6
12/29/2023,39.1,41.2,43.2
12/30/2023,28,34.8,41.6
12/31/2023,27.6,35,42.3
1/1/2024,31.4,34.6,37.9
1/2/2024,30.1,32,33.9
1/3/2024,30.9,34.4,37.8
1/4/2024,27.2,31.7,36.1
1/5/2024,26.4,29.9,33.4
1/6/2024,29.5,32.3,35.1
1/7/2024,29.5,32.4,35.3
1/8/2024,32.8,35,37.2
1/9/2024,31.9,33.5,35
1/10/2024,31.9,33.8,35.6
1/11/2024,29.6,32.6,35.5
1/12/2024,29.7,33.1,36.4
1/13/2024,28.5,32.2,35.9
1/14/2024,12.9,21.4,30
1/15/2024,-0.4,6.4,13.1
1/16/2024,2.6,8.3,14.1
1/17/2024,6.9,10.3,13.6
1/18/2024,13.7,18.4,23.1
1/19/2024,16.2,20.6,25.1
1/20/2024,-0.4,11.5,23.4
1/21/2024,2.4,13.8,25.1
1/22/2024,14,18.8,23.7
1/23/2024,21.3,27.6,34
1/24/2024,32.4,33.5,34.6
1/25/2024,33.6,35.7,37.8
1/26/2024,33.7,36.5,39.3
1/27/2024,33.7,36.4,39
1/28/2024,33.9,36.4,38.9
1/29/2024,32.2,35.8,39.3
1/30/2024,31.9,33.9,36
1/31/2024,34.6,36.5,38.4
2/1/2024,35.2,37.5,39.7
2/2/2024,30.3,36.3,42.4
2/3/2024,25.8,32.5,39.1
2/4/2024,25.1,31.9,38.7
2/5/2024,24.7,37,49.3
2/6/2024,24.7,34.6,44.4
2/7/2024,27.3,34,40.7
2/8/2024,29.1,37.8,46.5
2/9/2024,41.8,51.1,60.4
2/10/2024,35.3,43.8,52.3
2/11/2024,27,32.4,37.9
2/12/2024,25.3,30.4,35.5
2/13/2024,25.1,32.4,39.6
2/14/2024,22.9,29,35
2/15/2024,23.5,31.8,40.2
2/16/2024,28.6,33.1,37.5
2/17/2024,19.8,24.5,29.3
2/18/2024,19.3,24.9,30.6
2/19/2024,18.6,26.2,33.8
2/20/2024,18.7,30.9,43.2
2/21/2024,26.4,39.7,53
2/22/2024,35.1,48.2,61.3
2/23/2024,32.2,44.2,56.1
2/24/2024,15.8,29.8,43.7
2/25/2024,15.5,23.1,30.7
2/26/2024,28.9,38.8,48.8
2/27/2024,34.6,49.5,64.5
2/28/2024,31.5,51.6,71.7
2/29/2024,20.8,26,31.2
3/1/2024,21.4,28.4,35.5
3/2/2024,30.3,39.5,48.6
3/3/2024,38.4,44.9,51.4
3/4/2024,43.3,55.2,67
3/5/2024,44.3,57,69.7
3/6/2024,41.7,45.9,50.1
3/7/2024,33.9,43.3,52.7
3/8/2024,35.2,42.5,49.7
3/9/2024,35.5,41.3,47.1
3/10/2024,30,34.3,38.5
3/11/2024,29.1,33.5,37.9
3/12/2024,32,45.7,59.3
3/13/2024,44.3,54.6,64.8
3/14/2024,43.1,56.7,70.3
3/15/2024,34.6,42.9,51.2
3/16/2024,32.2,38.6,45
3/17/2024,32.5,42.2,52
3/18/2024,26.5,31.2,35.8
3/19/2024,28.8,31.6,34.4
3/20/2024,31.5,38,44.5
3/21/2024,19.5,26,32.4
3/22/2024,22.5,28.9,35.4
3/23/2024,25.9,28.9,31.9
3/24/2024,23.8,30,36.2
3/25/2024,27.6,35.1,42.5
3/26/2024,42.8,54,65.1
3/27/2024,32.1,45.4,58.7
3/28/2024,30.6,34.3,38.1
3/29/2024,25.2,34,42.7
3/30/2024,26.7,37,47.3
3/31/2024,36.9,42.7,48.4
4/1/2024,37,42,46.9
4/2/2024,37.5,46,54.5
4/3/2024,35.2,42.3,49.3
4/4/2024,34.4,37.6,40.8
4/5/2024,35.9,39.5,43.1
4/6/2024,30.1,38.8,47.6
4/7/2024,31.3,41.5,51.7
4/8/2024,37.9,48.6,59.3
4/9/2024,45.8,56.6,67.4
4/10/2024,37.9,49,60.1
4/11/2024,40.9,52.5,64.2
4/12/2024,43.5,47.7,51.9
4/13/2024,41.4,47.7,54
4/14/2024,43.6,53.4,63.1
4/15/2024,46.5,58.3,70.2
4/16/2024,46.1,57.1,68.1
4/17/2024,48,61.3,74.5
4/18/2024,45.6,57.8,70.1
4/19/2024,41.9,47.5,53.2
4/20/2024,36.7,44.6,52.5
4/21/2024,36,40.8,45.7
4/22/2024,36.5,44,51.4
4/23/2024,43.4,53.2,63.1
4/24/2024,36.8,48.9,61
4/25/2024,30.5,39.1,47.8
4/26/2024,34,44.3,54.6
4/27/2024,40.6,52.7,64.8
4/28/2024,59.9,68.6,77.2
4/29/2024,59,67.8,76.5
4/30/2024,46.4,57.2,68.1
5/1/2024,51.2,59.3,67.4
5/2/2024,48.4,58.4,68.3
5/3/2024,54.9,66.7,78.5
5/4/2024,47.7,56.9,66
5/5/2024,51.2,64.4,77.7
5/6/2024,46.5,52.6,58.7
5/7/2024,51.4,61.7,72
5/8/2024,49.5,58.4,67.4
5/9/2024,54,61.9,69.9
5/10/2024,46.8,51.9,57
5/11/2024,48.8,55.8,62.8
5/12/2024,40.7,49.2,57.7
5/13/2024,46.8,62.2,77.5
5/14/2024,57.5,67.7,77.9
5/15/2024,51.1,57.7,64.3
5/16/2024,49,60.9,72.7
5/17/2024,54.4,64.1,73.9
5/18/2024,51.6,62.1,72.6
5/19/2024,59,70.4,81.8
5/20/2024,49.8,63.1,76.4
5/21/2024,55.3,69.8,84.4
5/22/2024,58.8,72.6,86.4
5/23/2024,57.3,63,68.6
5/24/2024,52.5,63.6,74.6
5/25/2024,58.3,69.1,79.8
5/26/2024,49.5,57.3,65.1
5/27/2024,55.7,66.2,76.7
5/28/2024,53.6,56,58.4
5/29/2024,54.7,60.3,65.9
5/30/2024,45.6,56,66.4
5/31/2024,45.6,57.9,70.1
6/1/2024,53.6,65,76.3
6/2/2024,56.5,65.3,74.2
6/3/2024,52.4,60.5,68.7
6/4/2024,59.4,70.9,82.4
6/5/2024,68.5,77,85.4
6/6/2024,59.1,66.9,74.7
6/7/2024,59.1,65.2,71.3
6/8/2024,53.2,60.8,68.4
6/9/2024,53.7,62.6,71.5
6/10/2024,50.7,62,73.3
6/11/2024,42.2,52.5,62.7
6/12/2024,53.2,61.5,69.9
6/13/2024,60.1,71.1,82.1
6/14/2024,62.3,72.5,82.7
6/15/2024,58.5,70.8,83.1
6/16/2024,63.3,72.9,82.5
6/17/2024,67.3,78.6,89.9
6/18/2024,73.5,82.8,92.1
6/19/2024,76.5,83.2,89.8
6/20/2024,71,80.7,90.3
6/21/2024,68.9,78.3,87.7
6/22/2024,70.6,79.1,87.6
6/23/2024,65.2,75.2,85.2
6/24/2024,57.7,64.7,71.7
6/25/2024,64.3,72.4,80.6
6/26/2024,64.6,71.9,79.2
6/27/2024,54.5,66.5,78.4
6/28/2024,57.7,63.8,69.9
6/29/2024,63.6,68.5,73.5
6/30/2024,57.3,68.8,80.2
7/1/2024,46.8,56.6,66.3
7/2/2024,54.2,64.2,74.1
7/3/2024,60.8,69.1,77.4
7/4/2024,64.7,72.1,79.6
7/5/2024,62.3,70.2,78.1
7/6/2024,63.3,72.1,80.9
7/7/2024,57.6,64.9,72.1
7/8/2024,63.3,72.8,82.2
7/9/2024,67.3,75.2,83.2
7/10/2024,66.4,73.2,80
7/11/2024,60.6,67.2,73.8
7/12/2024,63.1,70.9,78.7
7/13/2024,61.9,72.8,83.6
7/14/2024,66.6,76.3,86
7/15/2024,68.3,75.1,82
7/16/2024,67.1,75.6,84
7/17/2024,65,70.2,75.4
7/18/2024,56,66.4,76.9
7/19/2024,51.4,61,70.7
7/20/2024,55.2,64.9,74.6
7/21/2024,59,68.5,78.1
7/22/2024,61.5,71.2,80.8
7/23/2024,58.3,69.4,80.5
7/24/2024,62.6,71.8,81.1
7/25/2024,56.7,65.6,74.5
7/26/2024,54.2,64.7,75.1
7/27/2024,57.9,69.4,80.8
7/28/2024,60,71.8,83.6
7/29/2024,63.9,74.5,85.1
7/30/2024,69.3,76.4,83.5
7/31/2024,67,73.9,80.7
8/1/2024,68.7,75.1,81.5
8/2/2024,69.8,77,84.3
8/3/2024,66.5,74.9,83.2
8/4/2024,62.4,75.1,87.9
8/5/2024,65.8,75.4,85
8/6/2024,63.1,72,81
8/7/2024,57.7,65.1,72.5
8/8/2024,56.5,68,79.5
8/9/2024,60.2,68.8,77.5
8/10/2024,61.4,65.7,70
8/11/2024,57.9,64.3,70.7
8/12/2024,59.8,66.9,73.9
8/13/2024,57.2,66.8,76.5
8/14/2024,58.6,69.7,80.8
8/15/2024,61.5,72.1,82.7
8/16/2024,66.3,70.7,75.1
8/17/2024,67.3,74.2,81
8/18/2024,67.5,71,74.4
8/19/2024,58.6,67.3,76
8/20/2024,50.1,61.5,73
8/21/2024,48,59.3,70.6
8/22/2024,49.6,60.7,71.8
8/23/2024,52.6,62.7,72.9
8/24/2024,57.9,67.4,76.9
8/25/2024,61.6,72.7,83.9
8/26/2024,70.2,78.7,87.1
8/27/2024,73.2,81.9,90.5
8/28/2024,71.8,79.5,87.1
8/29/2024,65.5,71.7,77.9
8/30/2024,67.6,75.8,83.9
8/31/2024,60.2,70.7,81.2
9/1/2024,62.5,71,79.5
9/2/2024,48,61.5,75
9/3/2024,50,61.6,73.2
9/4/2024,51.8,63.5,75.2
9/5/2024,53.2,67.6,82
9/6/2024,58.5,70.6,82.6
9/7/2024,46.5,56.4,66.2
9/8/2024,43.2,52.5,61.7
9/9/2024,46.3,57,67.7
9/10/2024,54.3,63.5,72.8
9/11/2024,53.4,65.6,77.7
9/12/2024,54.7,68.5,82.4
9/13/2024,57.2,72.1,86.9
9/14/2024,59,72.6,86.2
9/15/2024,60,73.8,87.7
9/16/2024,58.1,73.5,88.9
9/17/2024,55.2,71.9,88.6
9/18/2024,53.1,69,84.8
9/19/2024,54,69,84
9/20/2024,57.1,70.7,84.4
9/21/2024,60,70.7,81.3
9/22/2024,62.3,73.5,84.7
9/23/2024,54.1,62.2,70.4
9/24/2024,54.3,61.1,67.8
9/25/2024,59.3,63.2,67.2
9/26/2024,50.8,60.8,70.7
9/27/2024,52.4,65,77.6
9/28/2024,58.4,66.8,75.2
9/29/2024,62.2,70,77.8
9/30/2024,58.3,69.6,80.9
10/1/2024,59,68.7,78.5
10/2/2024,43,55.4,67.7
10/3/2024,44.3,55.7,67.1
10/4/2024,50.1,60.5,70.8
10/5/2024,44.6,57.5,70.4
10/6/2024,46.1,60.3,74.5
10/7/2024,48.7,59.7,70.7
10/8/2024,43,53,63.1
10/9/2024,38.3,52.4,66.4
10/10/2024,38.5,52,65.4
10/11/2024,39.6,53.4,67.1
10/12/2024,46.2,59.7,73.2
10/13/2024,49.9,58.5,67.1
10/14/2024,41,49.7,58.5
10/15/2024,38.1,46.1,54.2
10/16/2024,37.9,44.9,51.9
10/17/2024,34.1,44.4,54.7
10/18/2024,35.1,47.4,59.6
10/19/2024,38.3,51.2,64.2
10/20/2024,40.1,53.3,66.4
10/21/2024,45.5,58,70.6
10/22/2024,49.5,61.2,73
10/23/2024,49.5,61.6,73.8
10/24/2024,35.2,48.5,61.9
10/25/2024,36.1,48.2,60.3
10/26/2024,42.3,50.9,59.5
10/27/2024,29.5,42.1,54.6
10/28/2024,30.3,43.1,55.9
10/29/2024,38.1,53.9,69.7
10/30/2024,68.1,72.7,77.3
10/31/2024,66.7,71.2,75.8
11/1/2024,45.4,57.5,69.5
11/2/2024,30.2,39.4,48.6
11/3/2024,30.2,42.3,54.3
11/4/2024,44.6,53.7,62.8
11/5/2024,61.9,64.3,66.6
11/6/2024,55.9,62.1,68.3
11/7/2024,48.7,52.5,56.2
11/8/2024,44.9,50,55.1
11/9/2024,36.8,46.1,55.5
11/10/2024,37,46.1,55.1
11/11/2024,46.1,53.1,60.1
11/12/2024,33.4,44.6,55.8
11/13/2024,32,40.1,48.2
11/14/2024,33.5,43.6,53.6
11/15/2024,44.2,47,49.7
11/16/2024,46.3,48.8,51.3
11/17/2024,44.5,48,51.4
11/18/2024,38.3,46.6,54.8
11/19/2024,38.3,47.8,57.3
11/20/2024,48.4,55.2,62
11/21/2024,33.7,41.2,48.7
11/22/2024,31,36.3,41.6
11/23/2024,41,44.5,48
11/24/2024,39.5,42.3,45.2
11/25/2024,38.7,41.9,45.2
11/26/2024,35.8,41.9,48
11/27/2024,32.5,35.5,38.6
11/28/2024,31.3,36.5,41.7
11/29/2024,27.8,31.9,36.1
11/30/2024,25.1,26.8,28.6
12/1/2024,24.2,26.2,28.2
12/2/2024,25.9,27.6,29.2
12/3/2024,21.6,27.7,33.7
12/4/2024,23.9,28.2,32.6
12/5/2024,19.4,29.2,39
12/6/2024,22.4,26.5,30.6
12/7/2024,26.2,30.4,34.5
12/8/2024,30.2,38.5,46.8
12/9/2024,37.6,43.3,48.9
12/10/2024,37.1,42.6,48.1
12/11/2024,30.8,35.9,40.9
12/12/2024,12.4,21.9,31.5
12/13/2024,13.3,15.9,18.5
12/14/2024,13.4,18,22.5
12/15/2024,17.6,26.8,36
12/16/2024,36.1,40.3,44.5
12/17/2024,38.7,44.2,49.7
12/18/2024,34.4,36.5,38.7
12/19/2024,29.7,32.7,35.7
12/20/2024,27.3,29.3,31.3
12/21/2024,23,27.3,31.6
12/22/2024,16.1,21.4,26.6
12/23/2024,16.4,23.7,30.9
12/24/2024,30.9,33.8,36.6
12/25/2024,31.1,33.9,36.6
12/26/2024,31.7,34.1,36.5
12/27/2024,35.9,40.2,44.5
12/28/2024,41.3,46.6,51.9
12/29/2024,38.1,43.2,48.3
12/30/2024,38,40.7,43.4
12/31/2024,31.7,37.4,43.2
1/1/2025,33,34.8,36.7
1/2/2025,26,29.6,33.2
1/3/2025,23.9,27.2,30.4
1/4/2025,19,22.3,25.6
1/5/2025,17.6,20.3,22.9
1/6/2025,20.5,22.1,23.8
1/7/2025,20.1,23,25.8
1/8/2025,22.7,26.2,29.7
1/9/2025,17.1,21.3,25.4
1/10/2025,16.9,22.3,27.8
1/11/2025,22,25.3,28.5
1/12/2025,25.3,29.1,32.8
1/13/2025,23.3,28.6,33.8
1/14/2025,18.7,20.8,22.9
1/15/2025,12.6,17.4,22.2
1/16/2025,16.4,22.2,28
1/17/2025,26.2,30.6,35
1/18/2025,28.3,34.9,41.5
1/19/2025,16.3,24.4,32.6
1/20/2025,7.5,11.8,16.2
1/21/2025,3.3,6.5,9.7
1/22/2025,-4.4,0.5,5.3
1/23/2025,-0.6,11.6,23.7
1/24/2025,15.8,20.3,24.8
1/25/2025,14.1,20.6,27.1
1/26/2025,24.3,29.8,35.4
1/27/2025,20.8,25,29.2
1/28/2025,26.5,32.4,38.4
1/29/2025,26.5,33.4,40.4
1/30/2025,23,30.2,37.4
1/31/2025,23.3,35,46.7
2/1/2025,21.1,29.7,38.2
2/2/2025,20.1,24.1,28.1
2/3/2025,24.9,30.9,36.9
2/4/2025,25,32.2,39.4
2/5/2025,18.3,23.3,28.4
2/6/2025,18.2,22.3,26.4
2/7/2025,18.3,27.4,36.6
2/8/2025,19,23.2,27.3
2/9/2025,21,25,29
2/10/2025,14.7,20.3,25.8
2/11/2025,18,22.8,27.7
2/12/2025,16.9,21.7,26.4
2/13/2025,20,21.7,23.3
2/14/2025,15.4,20.6,25.8
2/15/2025,13.7,19.2,24.7
2/16/2025,24.6,27.1,29.7
2/17/2025,14.8,22.2,29.6
2/18/2025,9.1,11.8,14.4
2/19/2025,8.7,12.1,15.4
2/20/2025,12.2,15.8,19.3
2/21/2025,12.9,20.5,28.1
2/22/2025,21.1,26,30.9
2/23/2025,22.9,27.4,31.9
2/24/2025,28.4,34.1,39.9
2/25/2025,38.5,42.5,46.5
2/26/2025,27.5,35.8,44.1
2/27/2025,32.9,35.7,38.6
2/28/2025,27.8,33.3,38.9
3/1/2025,21.2,34.7,48.2
3/2/2025,19.8,22.4,25
3/3/2025,21.7,25.4,29
3/4/2025,28,34.8,41.6
3/5/2025,39,45.2,51.3
3/6/2025,27,38.8,50.7
3/7/2025,28,31.6,35.2
3/8/2025,22.3,29.5,36.8
3/9/2025,22.3,31.8,41.2
3/10/2025,33.7,42.1,50.5
3/11/2025,36.9,49.3,61.8
3/12/2025,32.1,41.7,51.3
3/13/2025,29.4,41.6,53.8
3/14/2025,30.8,46.9,62.9
3/15/2025,46.1,61.4,76.7
3/16/2025,35.2,51.1,66.9
3/17/2025,24.8,30.3,35.8
3/18/2025,25.6,38,50.5
3/19/2025,47.2,58.4,69.6
3/20/2025,33.5,49.9,66.3
3/21/2025,26.4,31.7,37.1
3/22/2025,28.6,41.9,55.3
3/23/2025,25.2,29.7,34.2
3/24/2025,28.8,38.6,48.3
3/25/2025,29.3,32.7,36.1
3/26/2025,25.5,31.7,37.9
3/27/2025,27.4,34.5,41.5
3/28/2025,36.1,43.7,51.3
3/29/2025,46.2,59.3,72.4
3/30/2025,51.4,57.9,64.4
3/31/2025,32.8,51.9,71.1
4/1/2025,26.1,31.3,36.5
4/2/2025,27.2,35.9,44.5
4/3/2025,35.6,49.9,64.2
4/4/2025,31.2,39.4,47.6
4/5/2025,34.4,43.4,52.3
4/6/2025,33,39.2,45.5
4/7/2025,31.3,38.2,45.1
4/8/2025,25.5,33.8,42.1
4/9/2025,26.5,31,35.4
4/10/2025,31.5,39.3,47.2
4/11/2025,31,36.8,42.6
4/12/2025,29,38.6,48.1
4/13/2025,33.4,43.6,53.9
4/14/2025,47.7,55.3,62.8
4/15/2025,36.3,47.4,58.6
4/16/2025,36,41,46
4/17/2025,29.8,36.6,43.3
4/18/2025,37.3,50.9,64.4
4/19/2025,40.5,55.4,70.4
4/20/2025,35.6,42,48.3
4/21/2025,41.7,51.3,60.9
4/22/2025,35.8,46.6,57.4
4/23/2025,40.5,51.6,62.8
4/24/2025,46.2,57.5,68.8
4/25/2025,50.4,62.9,75.5
4/26/2025,41.3,54.1,67
4/27/2025,36.5,43.9,51.3
4/28/2025,42.6,53.6,64.6
4/29/2025,54.2,66.8,79.4
4/30/2025,39.6,55.4,71.2
5/1/2025,43.2,53.2,63.2
5/2/2025,41.8,56.6,71.4
5/3/2025,42.9,47.2,51.4
5/4/2025,41.4,49.8,58.3
5/5/2025,45.3,54.1,62.9
5/6/2025,43.1,54,64.8
5/7/2025,42.8,52.3,61.7
5/8/2025,47.8,59.7,71.7
5/9/2025,34.3,48.3,62.3
5/10/2025,38.8,49.2,59.7
5/11/2025,43.1,52.6,62.1
5/12/2025,46.4,60.8,75.3
5/13/2025,54.9,69.7,84.5
5/14/2025,61.4,67.2,73
5/15/2025,60.4,67.8,75.1
5/16/2025,54.7,70.5,86.2
5/17/2025,51.6,68,84.4
5/18/2025,48.6,53.5,58.4
5/19/2025,40,48.2,56.3
5/20/2025,43.9,51.3,58.8
5/21/2025,45.2,47.4,49.5
5/22/2025,45.3,48.2,51.1
5/23/2025,41.3,47.4,53.5
5/24/2025,39.6,46.8,54.1
5/25/2025,41.4,49.8,58.3
5/26/2025,42.3,52.6,62.8
5/27/2025,49.9,59.9,69.9
5/28/2025,56.9,65.5,74.1
5/29/2025,50.1,58.1,66.2
5/30/2025,45.8,54.1,62.4
5/31/2025,44.2,55.5,66.8
6/1/2025,38.7,48.2,57.7
6/2/2025,38.4,49.1,59.8
6/3/2025,49,63.1,77.2
6/4/2025,60.4,73.3,86.1
6/5/2025,56.1,60.7,65.4
6/6/2025,54.8,65.9,76.9
6/7/2025,53,66,79
6/8/2025,59.1,69.8,80.5
6/9/2025,56.7,66.5,76.3
6/10/2025,54.5,63.4,72.4
6/11/2025,51.7,59.5,67.3
6/12/2025,63.2,72.6,82.1
6/13/2025,60.9,71.6,82.4
6/14/2025,57.7,65.9,74
6/15/2025,57.7,69.3,80.9
6/16/2025,60.2,70.5,80.8
6/17/2025,64.4,74.6,84.9
6/18/2025,67.2,77.2,87.2
6/19/2025,61.2,71.2,81.2
6/20/2025,60.7,68,75.2
6/21/2025,69.3,75.2,81.2
6/22/2025,77.6,84.6,91.7
6/23/2025,79,85.1,91.3
6/24/2025,68.8,80.5,92.3
6/25/2025,70,80.1,90.2
6/26/2025,70.9,76.7,82.5
6/27/2025,70.7,80.1,89.5
6/28/2025,64.4,75.6,86.7
6/29/2025,63,70.3,77.6
6/30/2025,69.6,80,90.3
7/1/2025,66.4,73.7,81
7/2/2025,64.6,71.6,78.6
7/3/2025,64.4,73.9,83.4
7/4/2025,65.8,74.5,83.1
7/5/2025,70.1,77.4,84.8
7/6/2025,75.3,82.4,89.6
7/7/2025,66,74.4,82.9
7/8/2025,58.3,66.9,75.6
7/9/2025,65.9,73.9,82
7/10/2025,60.1,69.7,79.3
7/11/2025,64.3,72.5,80.6
7/12/2025,67.3,73.6,79.8
7/13/2025,66.5,73.3,80.1
7/14/2025,60.1,69.5,79
7/15/2025,60.2,70.5,80.8
7/16/2025,67.4,77.7,88.1
7/17/2025,62.3,74.6,86.9
7/18/2025,55.2,62.3,69.3
7/19/2025,61.4,70,78.6
7/20/2025,67.9,74.3,80.7
7/21/2025,57.6,68.9,80.1
7/22/2025,62.2,71.8,81.4
7/23/2025,63,73.8,84.5
7/24/2025,68.5,79.8,91.1
7/25/2025,71,79.3,87.6
7/26/2025,71.9,77.3,82.6
7/27/2025,71.6,76.7,81.8
7/28/2025,70.7,79.4,88.2
7/29/2025,67.5,78,88.5
7/30/2025,68,77.9,87.8
7/31/2025,60.5,71.9,83.3
8/1/2025,58.1,68.4,78.7
8/2/2025,53.1,64.6,76.2
8/3/2025,55.3,65.7,76.2
8/4/2025,57.5,68.4,79.4
8/5/2025,60.2,71.1,82
8/6/2025,62.7,73.8,84.9
8/7/2025,65,75,85
8/8/2025,69.2,78.7,88.1
8/9/2025,70.6,79.9,89.2
8/10/2025,70.5,81.2,91.9
8/11/2025,72,81.4,90.8
8/12/2025,69.6,76.4,83.1
8/13/2025,69.6,77.1,84.7
8/14/2025,61.9,71.2,80.4
8/15/2025,64.6,73.3,82.1
8/16/2025,67.8,77.5,87.2
8/17/2025,72.2,80.5,88.7
8/18/2025,62.9,73.8,84.7
8/19/2025,64,74.8,85.6
8/20/2025,64.8,69.8,74.8
8/21/2025,60.2,68,75.8
8/22/2025,58.8,68.2,77.6
8/23/2025,62.1,69.7,77.3
8/24/2025,58.1,67.5,76.8
8/25/2025,56.2,62.7,69.3
8/26/2025,49.2,58.1,67
8/27/2025,46.8,57.9,68.9
8/28/2025,52.6,62.9,73.2
8/29/2025,46.2,59,71.9
8/30/2025,44.3,55.5,66.8
8/31/2025,46.9,58.7,70.5
9/1/2025,50.1,62.2,74.3
9/2/2025,52,64.7,77.4
9/3/2025,54.4,65.7,77
9/4/2025,48.8,58.9,68.9
9/5/2025,50.6,57.5,64.3
9/6/2025,54.6,59,63.5
9/7/2025,45.5,53.8,62
9/8/2025,40.7,51.6,62.5
9/9/2025,43.9,56.1,68.3
9/10/2025,48.2,60.2,72.1
9/11/2025,53.8,65.5,77.2
9/12/2025,53.1,65.6,78.2
9/13/2025,55.4,67.1,78.7
9/14/2025,59,66.9,74.8
9/15/2025,57.3,70.9,84.5
9/16/2025,57.2,70.6,84.1
9/17/2025,53.9,67.2,80.5
9/18/2025,55.7,68.8,81.9
9/19/2025,58.7,70.1,81.5
9/20/2025,60.7,74,87.2
9/21/2025,60.5,70.8,81
9/22/2025,61.1,69.1,77.1
9/23/2025,62.1,69.3,76.5
9/24/2025,59.8,67,74.2
9/25/2025,58.2,64.2,70.2
9/26/2025,53.4,61.4,69.4
9/27/2025,54.7,64.7,74.7
9/28/2025,57.6,68.1,78.6
9/29/2025,50.6,64.5,78.4
9/30/2025,52.2,66.5,80.8
10/1/2025,54.2,68.6,83
10/2/2025,49.8,62.5,75.1
10/3/2025,50.4,64.3,78.2
10/4/2025,57.1,70.1,83.1
10/5/2025,59.8,71.7,83.7
10/6/2025,61.2,70.8,80.4
10/7/2025,59.3,69,78.7
10/8/2025,45.1,54.9,64.8
10/9/2025,38.7,50.5,62.3
10/10/2025,39.7,51.5,63.2
10/11/2025,42.7,53.3,63.9
10/12/2025,41.7,50.9,60
10/13/2025,43.8,55.9,68
10/14/2025,53.6,62.9,72.2
10/15/2025,49.2,60,70.9
10/16/2025,42.7,51.2,59.7
10/17/2025,44,54.9,65.9
10/18/2025,52.8,60.4,67.9
10/19/2025,56.3,63.1,70
10/20/2025,42.1,49.5,57
10/21/2025,42.3,52.6,63
10/22/2025,45.5,51.2,56.8
10/23/2025,41.8,46.6,51.4
10/24/2025,40.9,45.1,49.4
10/25/2025,30.1,39.9,49.7
10/26/2025,30.9,41.7,52.5
10/27/2025,33.9,45.5,57.2
10/28/2025,35,45.6,56.2
10/29/2025,37.9,48.6,59.2
10/30/2025,36.7,47,57.3
10/31/2025,35.9,45.9,55.8
11/1/2025,41,47,53
11/2/2025,34.7,40.8,46.9
11/3/2025,38.1,45.5,52.9
11/4/2025,42.9,49.7,56.4
11/5/2025,42.9,50.2,57.4
11/6/2025,33.6,44.5,55.4
11/7/2025,32.8,43.9,55
11/8/2025,39.2,47.2,55.3
11/9/2025,31.7,37.7,43.6
11/10/2025,21.5,29.8,38.2
11/11/2025,20.8,28,35.3
11/12/2025,32.4,39.8,47.2
11/13/2025,40.9,45.3,49.7
11/14/2025,34.2,41.4,48.6
11/15/2025,36.4,49.3,62.3
11/16/2025,40.7,51.3,61.8
11/17/2025,27.6,35.5,43.5
11/18/2025,28.6,36.2,43.8
11/19/2025,28.9,32.6,36.2
11/20/2025,28.2,36.5,44.8
11/21/2025,40.8,44.5,48.1
11/22/2025,26.1,36.7,47.3
11/23/2025,26.7,37.4,48.2
11/24/2025,29.2,39.6,50
11/25/2025,32.1,41.7,51.2
11/26/2025,38.6,44.1,49.5
11/27/2025,31.5,35.1,38.7
11/28/2025,27.7,30.2,32.6
11/29/2025,27.7,29.8,31.8
11/30/2025,26,29.4,32.7
12/1/2025,25.8,30,34.2
12/2/2025,21.1,25.3,29.4
12/3/2025,18.9,25.2,31.4
